Epoch,Timestamp,Open,High,Low,Close,Volume
1790567100,2026-09-28T09:15:00,23064.9,23080.25,22972.45,22974.6,3618152
1790567160,2026-09-28T09:16:00,22974.85,22974.85,22946.2,22965.2,2061748
1790567220,2026-09-28T09:17:00,22966.65,22970.85,22963.2,22969.05,1743000
1790567280,2026-09-28T09:18:00,22970.4,22977.45,22961.9,22965.75,1229904
1790567340,2026-09-28T09:19:00,22966.85,22967.85,22947.55,22949.5,1188047
1790567400,2026-09-28T09:20:00,22951.7,22951.8,22922.15,22927.2,1615341
1790567460,2026-09-28T09:21:00,22928.15,22928.25,22917.15,22919.9,1162214
1790567520,2026-09-28T09:22:00,22920.05,22923.3,22914.1,22917,1129112
1790567580,2026-09-28T09:23:00,22918.65,22928.45,22918.05,22923.65,998959
1790567640,2026-09-28T09:24:00,22926.6,22937.9,22922.4,22926.5,860237
1790567700,2026-09-28T09:25:00,22928.7,22928.7,22913.7,22914.2,836461
1790567760,2026-09-28T09:26:00,22916.5,22918.35,22911.65,22912.95,908384
1790567820,2026-09-28T09:27:00,22913.8,22915.25,22907.6,22907.65,856898
1790567880,2026-09-28T09:28:00,22908.9,22912.35,22905.25,22909.65,741626
1790567940,2026-09-28T09:29:00,22910.65,22911.65,22906.35,22908.6,688203
1790568000,2026-09-28T09:30:00,22909.6,22910.2,22900.2,22907.55,1206672
1790568060,2026-09-28T09:31:00,22908.45,22912.1,22904.8,22905.7,828909
1790568120,2026-09-28T09:32:00,22907.05,22907.75,22899.35,22901.45,1012395
1790568180,2026-09-28T09:33:00,22902.7,22902.7,22892.65,22893.55,1004943
1790568240,2026-09-28T09:34:00,22894.25,22894.25,22889.25,22893.25,781102
1790568300,2026-09-28T09:35:00,22895.6,22895.75,22869.6,22878.5,1124101
1790568360,2026-09-28T09:36:00,22878.8,22878.8,22866,22867.8,944849
1790568420,2026-09-28T09:37:00,22869.15,22869.15,22862.75,22864.7,961209
1790568480,2026-09-28T09:38:00,22865.9,22867.25,22856.05,22862.1,1063771
1790568540,2026-09-28T09:39:00,22863.95,22866.65,22860.15,22861.45,839316
1790568600,2026-09-28T09:40:00,22863.05,22864.3,22856.75,22862.95,805377
1790568660,2026-09-28T09:41:00,22864.9,22873.7,22864.9,22870.45,790483
1790568720,2026-09-28T09:42:00,22871.9,22871.9,22861.5,22864.4,904501
1790568780,2026-09-28T09:43:00,22865.65,22865.65,22855.85,22860.85,2219266
1790568840,2026-09-28T09:44:00,22861.2,22862,22855.45,22857.4,594414
1790568900,2026-09-28T09:45:00,22857.9,22867.05,22856.3,22866.7,876658
1790568960,2026-09-28T09:46:00,22866.9,22873.05,22865.6,22870.8,732988
1790569020,2026-09-28T09:47:00,22871.5,22877.35,22870.3,22875.75,1546418
1790569080,2026-09-28T09:48:00,22876.15,22878.6,22867.6,22868.2,729804
1790569140,2026-09-28T09:49:00,22868.55,22874.75,22865.95,22874.75,661595
1790569200,2026-09-28T09:50:00,22875.4,22876.3,22869.5,22873.25,670071
1790569260,2026-09-28T09:51:00,22873.95,22875.4,22866.9,22868.35,730657
1790569320,2026-09-28T09:52:00,22868.3,22876.5,22865.7,22874.8,740470
1790569380,2026-09-28T09:53:00,22876.65,22880.9,22875,22877.3,747846
1790569440,2026-09-28T09:54:00,22877.4,22877.85,22870.45,22871.2,586283
1790569500,2026-09-28T09:55:00,22873.25,22877.1,22869.45,22870.8,915199
1790569560,2026-09-28T09:56:00,22871.95,22875.3,22867.15,22875.1,688807
1790569620,2026-09-28T09:57:00,22876.1,22877.9,22872.85,22875.9,510097
1790569680,2026-09-28T09:58:00,22876.8,22886.5,22875.9,22884.25,652120
1790569740,2026-09-28T09:59:00,22884.55,22884.55,22874.7,22874.9,508340
1790569800,2026-09-28T10:00:00,22874.1,22876.35,22865.55,22866.9,638296
1790569860,2026-09-28T10:01:00,22867.4,22873.75,22864.8,22873.75,559881
1790569920,2026-09-28T10:02:00,22874.15,22879.55,22871.85,22877.1,618028
1790569980,2026-09-28T10:03:00,22879.5,22880.35,22872.65,22875.1,600962
1790570040,2026-09-28T10:04:00,22875.85,22876.1,22867.75,22872.85,463837
1790570100,2026-09-28T10:05:00,22873.75,22875.95,22864.35,22864.85,698022
1790570160,2026-09-28T10:06:00,22864.95,22867.25,22861.3,22862.3,718602
1790570220,2026-09-28T10:07:00,22862.8,22867.6,22860.45,22866.6,692630
1790570280,2026-09-28T10:08:00,22867,22868.3,22864.05,22864.1,326458
1790570340,2026-09-28T10:09:00,22864.4,22864.4,22850.2,22852,572655
1790570400,2026-09-28T10:10:00,22851.75,22854.65,22849.9,22854.65,660386
1790570460,2026-09-28T10:11:00,22854.75,22864.55,22854.1,22863.8,575802
1790570520,2026-09-28T10:12:00,22864.75,22867.2,22860.4,22860.8,576328
1790570580,2026-09-28T10:13:00,22861.55,22870.3,22860.1,22870.3,463457
1790570640,2026-09-28T10:14:00,22870.8,22871.75,22865.3,22865.4,446818
1790570700,2026-09-28T10:15:00,22865.8,22865.8,22855.95,22859.35,468516
1790570760,2026-09-28T10:16:00,22859.45,22859.75,22856.3,22856.85,436354
1790570820,2026-09-28T10:17:00,22857.8,22858.05,22839.65,22839.9,669777
1790570880,2026-09-28T10:18:00,22840.7,22848.15,22837.75,22845.65,629371
1790570940,2026-09-28T10:19:00,22846.1,22851.85,22844.85,22851.5,481866
1790571000,2026-09-28T10:20:00,22852.05,22860.3,22851.25,22856.75,589950
1790571060,2026-09-28T10:21:00,22857.25,22857.5,22848.5,22849.45,377191
1790571120,2026-09-28T10:22:00,22849.65,22849.85,22841.5,22843.3,701475
1790571180,2026-09-28T10:23:00,22845.15,22849,22842.7,22844.05,530751
1790571240,2026-09-28T10:24:00,22845.95,22845.95,22836.15,22838.2,542442
1790571300,2026-09-28T10:25:00,22839.15,22842.3,22834.9,22835.9,432697
1790571360,2026-09-28T10:26:00,22837.1,22840.85,22834.35,22835.7,549126
1790571420,2026-09-28T10:27:00,22836.2,22837.7,22833.8,22834.4,590127
1790571480,2026-09-28T10:28:00,22835.6,22839.8,22834.2,22839.3,537810
1790571540,2026-09-28T10:29:00,22840.35,22843.85,22838.4,22842.95,541134
1790571600,2026-09-28T10:30:00,22843.4,22851.65,22842.6,22848.1,609662
1790571660,2026-09-28T10:31:00,22849.55,22849.55,22845.35,22847.95,351045
1790571720,2026-09-28T10:32:00,22849.1,22849.1,22842.3,22845.2,429703
1790571780,2026-09-28T10:33:00,22845.2,22847.95,22844.2,22845.25,424565
1790571840,2026-09-28T10:34:00,22845.05,22845.25,22839.75,22841.75,344679
1790571900,2026-09-28T10:35:00,22841.9,22844.2,22840.7,22841.65,396808
1790571960,2026-09-28T10:36:00,22842.25,22852.7,22841.65,22847.2,529437
1790572020,2026-09-28T10:37:00,22847.8,22847.95,22839.65,22841.35,373188
1790572080,2026-09-28T10:38:00,22841.5,22842.3,22836.05,22836.4,456662
1790572140,2026-09-28T10:39:00,22837.3,22838.25,22829.4,22830.55,555242
1790572200,2026-09-28T10:40:00,22830.55,22835.9,22829,22833.05,443257
1790572260,2026-09-28T10:41:00,22834.15,22834.15,22821.3,22822.9,563656
1790572320,2026-09-28T10:42:00,22822.95,22826.1,22820.25,22824.55,686299
1790572380,2026-09-28T10:43:00,22825.45,22827.75,22820.7,22826,468132
1790572440,2026-09-28T10:44:00,22827.2,22827.75,22824.35,22827.25,447992
1790572500,2026-09-28T10:45:00,22827.4,22830.95,22825.45,22829.35,476213
1790572560,2026-09-28T10:46:00,22829.9,22834.1,22828.05,22830.25,456586
1790572620,2026-09-28T10:47:00,22830.8,22831.1,22826.45,22828.9,540097
1790572680,2026-09-28T10:48:00,22830.25,22830.25,22822.7,22823.25,591404
1790572740,2026-09-28T10:49:00,22823.6,22825.55,22821.5,22822.85,563861
1790572800,2026-09-28T10:50:00,22823.8,22824.05,22819.95,22824,922537
1790572860,2026-09-28T10:51:00,22824.6,22825.25,22820.65,22825.15,771573
1790572920,2026-09-28T10:52:00,22825.35,22827.35,22819.65,22820.65,590339
1790572980,2026-09-28T10:53:00,22823,22825.2,22819.8,22821.7,663813
1790573040,2026-09-28T10:54:00,22821.95,22829.95,22820.4,22828,426982
1790573100,2026-09-28T10:55:00,22829.2,22835.05,22828.6,22834.2,442418
1790573160,2026-09-28T10:56:00,22835.75,22837.1,22833.5,22834.95,313837
1790573220,2026-09-28T10:57:00,22836.3,22839.85,22834.85,22839.35,418986
1790573280,2026-09-28T10:58:00,22840.4,22841.7,22837.6,22840.75,316398
1790573340,2026-09-28T10:59:00,22841.3,22845.55,22838,22838.85,562123
1790573400,2026-09-28T11:00:00,22839.3,22840,22831.75,22832.85,565526
1790573460,2026-09-28T11:01:00,22833.7,22836.15,22830.3,22834.8,425301
1790573520,2026-09-28T11:02:00,22836.05,22837.3,22832.6,22835.95,318215
1790573580,2026-09-28T11:03:00,22836.9,22836.9,22830.35,22831,978961
1790573640,2026-09-28T11:04:00,22831.8,22831.9,22823.35,22824,401573
1790573700,2026-09-28T11:05:00,22825.65,22825.65,22820.8,22823.85,958644
1790573760,2026-09-28T11:06:00,22824.65,22828.25,22822.8,22827.05,512109
1790573820,2026-09-28T11:07:00,22827.95,22830.4,22825.65,22826,458079
1790573880,2026-09-28T11:08:00,22827.4,22827.4,22823,22823.2,380932
1790573940,2026-09-28T11:09:00,22825.05,22826.95,22823.35,22824.85,418460
1790574000,2026-09-28T11:10:00,22825.95,22828.45,22823.45,22824,320561
1790574060,2026-09-28T11:11:00,22824.45,22825.6,22818.7,22818.7,387504
1790574120,2026-09-28T11:12:00,22819.35,22820.5,22815.35,22819.55,533810
1790574180,2026-09-28T11:13:00,22820.05,22823.6,22819.25,22822.6,396300
1790574240,2026-09-28T11:14:00,22823.45,22823.8,22819.4,22820.7,295673
1790574300,2026-09-28T11:15:00,22822.25,22824.5,22817.3,22820,497843
1790574360,2026-09-28T11:16:00,22821.05,22821.05,22808.1,22808.9,553807
1790574420,2026-09-28T11:17:00,22810.55,22813.65,22809.7,22812.95,667946
1790574480,2026-09-28T11:18:00,22813.85,22814.6,22807.55,22814.6,805835
1790574540,2026-09-28T11:19:00,22815.8,22820.05,22814.1,22818.2,537536
1790574600,2026-09-28T11:20:00,22820.2,22823.25,22816,22818.5,377328
1790574660,2026-09-28T11:21:00,22818.6,22820.15,22815.45,22817,346400
1790574720,2026-09-28T11:22:00,22818.15,22819.3,22815.25,22815.3,458867
1790574780,2026-09-28T11:23:00,22816.3,22816.3,22811.45,22813.95,430577
1790574840,2026-09-28T11:24:00,22815,22815.2,22808.9,22810.6,422029
1790574900,2026-09-28T11:25:00,22812.1,22815.9,22810.95,22814.6,377528
1790574960,2026-09-28T11:26:00,22815.65,22817.8,22813.6,22816.3,332438
1790575020,2026-09-28T11:27:00,22818.45,22825.1,22816,22824.15,532920
1790575080,2026-09-28T11:28:00,22825.3,22829.1,22823.55,22828.25,540504
1790575140,2026-09-28T11:29:00,22829.95,22833.6,22828.95,22829.95,391707
1790575200,2026-09-28T11:30:00,22831.35,22835.7,22829.1,22832.7,533094
1790575260,2026-09-28T11:31:00,22833.6,22835.6,22830.15,22835.45,723068
1790575320,2026-09-28T11:32:00,22836.3,22840.8,22833.85,22838.3,555727
1790575380,2026-09-28T11:33:00,22839.25,22839.25,22827.2,22828,600629
1790575440,2026-09-28T11:34:00,22828.95,22829.3,22824.25,22825.75,400752
1790575500,2026-09-28T11:35:00,22826.5,22828.75,22822.9,22825.4,600736
1790575560,2026-09-28T11:36:00,22825.55,22828.65,22823.95,22828.25,512346
1790575620,2026-09-28T11:37:00,22829,22836.55,22828,22834.05,700006
1790575680,2026-09-28T11:38:00,22835.25,22837.35,22833.1,22836.45,414311
1790575740,2026-09-28T11:39:00,22837.15,22838.15,22835.45,22836.95,541841
1790575800,2026-09-28T11:40:00,22837.6,22843.7,22836.2,22843.2,521912
1790575860,2026-09-28T11:41:00,22843.85,22849.15,22840.75,22847.3,545042
1790575920,2026-09-28T11:42:00,22847.95,22847.95,22844.7,22846.5,612568
1790575980,2026-09-28T11:43:00,22847.9,22847.9,22842.8,22843.65,444030
1790576040,2026-09-28T11:44:00,22844.1,22844.25,22840.5,22842.05,456061
1790576100,2026-09-28T11:45:00,22842.95,22846.9,22840.9,22844.6,583764
1790576160,2026-09-28T11:46:00,22846.4,22849.35,22843.1,22845.1,589826
1790576220,2026-09-28T11:47:00,22846.85,22847.15,22842.85,22843.8,503964
1790576280,2026-09-28T11:48:00,22843.9,22846.9,22839.95,22845.7,567240
1790576340,2026-09-28T11:49:00,22846.7,22847.3,22838.1,22838.95,578067
1790576400,2026-09-28T11:50:00,22841.15,22843.1,22837.35,22838.95,612723
1790576460,2026-09-28T11:51:00,22839.4,22839.4,22829.4,22830.8,678401
1790576520,2026-09-28T11:52:00,22831.8,22837.2,22829.95,22835.95,945303
1790576580,2026-09-28T11:53:00,22836.9,22838.65,22834.4,22836.5,835085
1790576640,2026-09-28T11:54:00,22837.35,22837.8,22831.5,22832.1,464741
1790576700,2026-09-28T11:55:00,22834.15,22834.15,22824.7,22824.8,445456
1790576760,2026-09-28T11:56:00,22826.6,22826.6,22813.9,22817.55,662844
1790576820,2026-09-28T11:57:00,22818.25,22822.45,22816.45,22820.5,478369
1790576880,2026-09-28T11:58:00,22821.75,22824.3,22818.4,22821.95,483379
1790576940,2026-09-28T11:59:00,22823.45,22828.2,22820.7,22826.35,406923
1790577000,2026-09-28T12:00:00,22827.7,22827.7,22822.75,22826.45,444534
1790577060,2026-09-28T12:01:00,22827.4,22834.9,22826.45,22832.9,521871
1790577120,2026-09-28T12:02:00,22834.05,22835.6,22832.05,22834.7,480027
1790577180,2026-09-28T12:03:00,22834.85,22835.65,22827.2,22829.65,682735
1790577240,2026-09-28T12:04:00,22830.9,22832.05,22822.45,22823.85,1257584
1790577300,2026-09-28T12:05:00,22824.65,22836,22822.55,22835.75,887825
1790577360,2026-09-28T12:06:00,22836.2,22837.95,22833.2,22835.35,1005072
1790577420,2026-09-28T12:07:00,22837.4,22838.1,22832.2,22834.2,625551
1790577480,2026-09-28T12:08:00,22835,22835,22829.85,22833.75,418357
1790577540,2026-09-28T12:09:00,22835.2,22835.95,22831,22832.3,660193
1790577600,2026-09-28T12:10:00,22833.65,22834.2,22828.85,22831.7,1723668
1790577660,2026-09-28T12:11:00,22832.25,22834.1,22829.85,22830.95,395985
1790577720,2026-09-28T12:12:00,22831.6,22833.45,22827.55,22832.15,506167
1790577780,2026-09-28T12:13:00,22832.9,22833.7,22828.2,22829.85,392545
1790577840,2026-09-28T12:14:00,22830.7,22835,22829.6,22834.15,325456
1790577900,2026-09-28T12:15:00,22835.25,22835.25,22825.45,22826.1,683651
1790577960,2026-09-28T12:16:00,22826.9,22832.55,22824.8,22830.75,492652
1790578020,2026-09-28T12:17:00,22832.7,22833.75,22828.65,22832.7,699817
1790578080,2026-09-28T12:18:00,22834.4,22834.8,22831.2,22833.95,1051487
1790578140,2026-09-28T12:19:00,22834.85,22837.3,22833.55,22836.4,327185
1790578200,2026-09-28T12:20:00,22836.9,22837.7,22833.85,22835.45,418038
1790578260,2026-09-28T12:21:00,22835.5,22835.5,22832.25,22832.85,425987
1790578320,2026-09-28T12:22:00,22834.4,22834.4,22830.15,22831.1,555670
1790578380,2026-09-28T12:23:00,22831.85,22838.6,22830.45,22838.15,485367
1790578440,2026-09-28T12:24:00,22839.3,22844,22836.25,22844,626701
1790578500,2026-09-28T12:25:00,22844.5,22847.65,22843.6,22845.85,488960
1790578560,2026-09-28T12:26:00,22847.65,22851.25,22845.75,22847.7,1480820
1790578620,2026-09-28T12:27:00,22849.05,22849.05,22840.85,22841.65,619911
1790578680,2026-09-28T12:28:00,22843.4,22849.3,22841.3,22848.5,362669
1790578740,2026-09-28T12:29:00,22849.6,22855.45,22847.1,22853.8,396251
1790578800,2026-09-28T12:30:00,22854.95,22855.35,22847.65,22848.5,521835
1790578860,2026-09-28T12:31:00,22849.75,22849.8,22841.3,22846.4,520638
1790578920,2026-09-28T12:32:00,22848.45,22850.05,22843.95,22848.65,327293
1790578980,2026-09-28T12:33:00,22850,22850,22840.85,22841.8,429999
1790579040,2026-09-28T12:34:00,22843.35,22843.35,22835.5,22839.05,556816
1790579100,2026-09-28T12:35:00,22839.95,22840.05,22836.1,22839.35,553053
1790579160,2026-09-28T12:36:00,22840.4,22840.45,22837.05,22838.2,435522
1790579220,2026-09-28T12:37:00,22839.15,22842.75,22838.1,22840.4,532485
1790579280,2026-09-28T12:38:00,22841.4,22841.9,22837.65,22839.85,535643
1790579340,2026-09-28T12:39:00,22841.15,22841.15,22837.3,22839.35,610754
1790579400,2026-09-28T12:40:00,22840.25,22842.1,22838.7,22839.4,518686
1790579460,2026-09-28T12:41:00,22840.15,22844.15,22838.85,22843.4,479698
1790579520,2026-09-28T12:42:00,22844.3,22844.45,22840.75,22843.85,1029382
1790579580,2026-09-28T12:43:00,22844.1,22848.15,22842.65,22843.7,568946
1790579640,2026-09-28T12:44:00,22844.85,22844.85,22837.65,22838.45,343260
1790579700,2026-09-28T12:45:00,22839.6,22840.15,22835.25,22837.65,1070319
1790579760,2026-09-28T12:46:00,22839.05,22842.2,22837.65,22841,733085
1790579820,2026-09-28T12:47:00,22841.9,22841.9,22837.85,22839.2,536557
1790579880,2026-09-28T12:48:00,22841.2,22841.35,22835.2,22836.95,530964
1790579940,2026-09-28T12:49:00,22837.9,22839.1,22835.85,22837.55,423830
1790580000,2026-09-28T12:50:00,22838.7,22839.3,22834.7,22835.45,504043
1790580060,2026-09-28T12:51:00,22835.9,22838.8,22834.5,22838.05,402443
1790580120,2026-09-28T12:52:00,22838.65,22840.2,22830.75,22831.9,391279
1790580180,2026-09-28T12:53:00,22832.75,22832.75,22827.7,22829.35,566342
1790580240,2026-09-28T12:54:00,22830.25,22833.95,22828.7,22832.25,500119
1790580300,2026-09-28T12:55:00,22832.45,22832.45,22828.05,22831.1,443086
1790580360,2026-09-28T12:56:00,22832.7,22833.35,22828.35,22829.75,412677
1790580420,2026-09-28T12:57:00,22830.95,22830.95,22822.85,22823.7,801346
1790580480,2026-09-28T12:58:00,22824.95,22828.75,22822.8,22828.4,655016
1790580540,2026-09-28T12:59:00,22829.7,22832.7,22827.7,22830.15,965517
1790580600,2026-09-28T13:00:00,22831.2,22832.6,22827.3,22827.9,668375
1790580660,2026-09-28T13:01:00,22829.45,22831.35,22827.9,22830.8,1235479
1790580720,2026-09-28T13:02:00,22831.55,22831.55,22826.8,22827.35,875845
1790580780,2026-09-28T13:03:00,22828.85,22829.75,22826.7,22828.35,727831
1790580840,2026-09-28T13:04:00,22829.1,22829.1,22820.9,22821.2,551067
1790580900,2026-09-28T13:05:00,22822.45,22822.45,22819.95,22822.35,523229
1790580960,2026-09-28T13:06:00,22823.3,22824.45,22820.35,22822.5,474006
1790581020,2026-09-28T13:07:00,22823.3,22824.3,22818.5,22820.5,416328
1790581080,2026-09-28T13:08:00,22821.5,22821.5,22809.45,22812.5,795687
1790581140,2026-09-28T13:09:00,22812.95,22822.25,22812.2,22821.7,555214
1790581200,2026-09-28T13:10:00,22822.95,22831.35,22822.1,22831.25,543005
1790581260,2026-09-28T13:11:00,22832.1,22837.65,22831.4,22832.8,503886
1790581320,2026-09-28T13:12:00,22834.45,22834.45,22823.6,22824.7,397085
1790581380,2026-09-28T13:13:00,22825.8,22826.65,22823.35,22824.35,469054
1790581440,2026-09-28T13:14:00,22825.65,22825.95,22819.7,22820.4,557176
1790581500,2026-09-28T13:15:00,22820.85,22823.75,22818.2,22819.35,630645
1790581560,2026-09-28T13:16:00,22821.35,22822.8,22818.55,22821.9,518947
1790581620,2026-09-28T13:17:00,22823.25,22829.45,22822.35,22828.95,710969
1790581680,2026-09-28T13:18:00,22829.5,22832.2,22827.2,22827.85,872096
1790581740,2026-09-28T13:19:00,22829,22831.75,22826.05,22831.6,575604
1790581800,2026-09-28T13:20:00,22831.85,22831.85,22824.9,22825.95,521533
1790581860,2026-09-28T13:21:00,22827.5,22830.65,22825.15,22830.35,501619
1790581920,2026-09-28T13:22:00,22831.4,22835.35,22830.45,22834.95,441521
1790581980,2026-09-28T13:23:00,22835.9,22848.25,22833.35,22841.75,1139722
1790582040,2026-09-28T13:24:00,22843.35,22843.35,22840.15,22841.45,778503
1790582100,2026-09-28T13:25:00,22842.35,22844.4,22839.85,22844.1,388482
1790582160,2026-09-28T13:26:00,22845.45,22848,22844.05,22846.25,624913
1790582220,2026-09-28T13:27:00,22847.35,22848.7,22844.3,22845,623460
1790582280,2026-09-28T13:28:00,22845.95,22846.75,22842.95,22846.15,432524
1790582340,2026-09-28T13:29:00,22846.75,22848.25,22844.85,22846.35,639639
1790582400,2026-09-28T13:30:00,22847.05,22848.6,22842.25,22843.2,399983
1790582460,2026-09-28T13:31:00,22842.9,22843.3,22834.2,22836.95,463227
1790582520,2026-09-28T13:32:00,22835.8,22839.1,22832.95,22833.8,520489
1790582580,2026-09-28T13:33:00,22833.8,22837.45,22833.1,22833.55,729169
1790582640,2026-09-28T13:34:00,22834.45,22835.55,22830.15,22831,680841
1790582700,2026-09-28T13:35:00,22831.1,22834.85,22831,22832.6,389956
1790582760,2026-09-28T13:36:00,22833.45,22836.7,22832.45,22833.3,376847
1790582820,2026-09-28T13:37:00,22834.3,22836,22830.7,22831.9,320107
1790582880,2026-09-28T13:38:00,22832.9,22835.65,22831.9,22834.45,531869
1790582940,2026-09-28T13:39:00,22835.45,22843.6,22834.3,22843,533309
1790583000,2026-09-28T13:40:00,22844.2,22844.75,22841.8,22843.4,436631
1790583060,2026-09-28T13:41:00,22844.85,22847.25,22843.05,22846.15,406471
1790583120,2026-09-28T13:42:00,22846.75,22846.75,22839.5,22839.85,328723
1790583180,2026-09-28T13:43:00,22840.75,22840.75,22831.1,22832.05,513002
1790583240,2026-09-28T13:44:00,22833.2,22836.75,22831,22836.1,423314
1790583300,2026-09-28T13:45:00,22837.2,22840.35,22836.25,22838.5,427157
1790583360,2026-09-28T13:46:00,22839.25,22840.9,22837.55,22839.1,362532
1790583420,2026-09-28T13:47:00,22840.25,22844.55,22837.65,22838.55,687563
1790583480,2026-09-28T13:48:00,22839.1,22841,22834.85,22836.55,481231
1790583540,2026-09-28T13:49:00,22837.4,22837.4,22828.55,22836,568949
1790583600,2026-09-28T13:50:00,22836.9,22838.9,22835.15,22836.2,572283
1790583660,2026-09-28T13:51:00,22837.05,22838.7,22832.9,22837.05,523955
1790583720,2026-09-28T13:52:00,22838.25,22843.65,22836.05,22842.05,483421
1790583780,2026-09-28T13:53:00,22844.4,22844.4,22834.4,22836.45,411171
1790583840,2026-09-28T13:54:00,22838,22838,22832.35,22833.55,399113
1790583900,2026-09-28T13:55:00,22835.2,22836,22832.2,22834.55,528862
1790583960,2026-09-28T13:56:00,22836.05,22844.6,22833.85,22842.35,499285
1790584020,2026-09-28T13:57:00,22843.4,22844,22835.75,22836.2,348433
1790584080,2026-09-28T13:58:00,22838.15,22844.7,22835.4,22841.55,392624
1790584140,2026-09-28T13:59:00,22843.75,22845.1,22841.45,22842.75,352858
1790584200,2026-09-28T14:00:00,22843.7,22846.1,22841.6,22843.15,349980
1790584260,2026-09-28T14:01:00,22843.9,22844.25,22836.6,22837.55,700358
1790584320,2026-09-28T14:02:00,22838.95,22838.95,22828.7,22830.2,668125
1790584380,2026-09-28T14:03:00,22831.2,22836,22829.7,22834.05,398864
1790584440,2026-09-28T14:04:00,22835.45,22837.85,22831.1,22832.15,399924
1790584500,2026-09-28T14:05:00,22833.5,22834.7,22829.95,22830.45,308414
1790584560,2026-09-28T14:06:00,22831.85,22832.35,22824.55,22825.4,412856
1790584620,2026-09-28T14:07:00,22826.55,22829.25,22824.15,22828,526631
1790584680,2026-09-28T14:08:00,22828.35,22830.45,22825.85,22829.8,574626
1790584740,2026-09-28T14:09:00,22831.5,22831.8,22825.75,22829.25,491665
1790584800,2026-09-28T14:10:00,22830.15,22834.35,22826.9,22833.35,547979
1790584860,2026-09-28T14:11:00,22834.05,22837.45,22831,22835.25,422931
1790584920,2026-09-28T14:12:00,22836.95,22837.65,22831.2,22831.65,358163
1790584980,2026-09-28T14:13:00,22833.9,22833.9,22821.5,22821.8,482045
1790585040,2026-09-28T14:14:00,22823.3,22825.5,22819.5,22821.8,603675
1790585100,2026-09-28T14:15:00,22823.3,22825.65,22813.6,22813.9,751660
1790585160,2026-09-28T14:16:00,22815.65,22817.25,22811.75,22814.55,1252481
1790585220,2026-09-28T14:17:00,22815.8,22815.85,22803.55,22803.55,718216
1790585280,2026-09-28T14:18:00,22804.95,22804.95,22785.55,22795.55,2128069
1790585340,2026-09-28T14:19:00,22797,22800.55,22794.4,22795.45,1026154
1790585400,2026-09-28T14:20:00,22797.35,22804.55,22795.25,22802.5,668098
1790585460,2026-09-28T14:21:00,22804.75,22806.25,22801.6,22804.35,544532
1790585520,2026-09-28T14:22:00,22805.2,22805.2,22796.1,22796.4,718554
1790585580,2026-09-28T14:23:00,22797.5,22797.5,22791.8,22794.35,719032
1790585640,2026-09-28T14:24:00,22796.2,22800.9,22794.55,22797.65,707791
1790585700,2026-09-28T14:25:00,22799.15,22803.5,22796.9,22801.65,619603
1790585760,2026-09-28T14:26:00,22803.7,22803.7,22798.55,22799.45,506667
1790585820,2026-09-28T14:27:00,22800.85,22803.05,22797.6,22801,575200
1790585880,2026-09-28T14:28:00,22801.95,22802.1,22796.5,22797.7,463657
1790585940,2026-09-28T14:29:00,22798.8,22800.35,22792.9,22794.2,566920
1790586000,2026-09-28T14:30:00,22795.5,22805.4,22793.6,22805,613461
1790586060,2026-09-28T14:31:00,22805.85,22805.85,22797.05,22798.6,597804
1790586120,2026-09-28T14:32:00,22799,22799.65,22791.65,22792.45,491562
1790586180,2026-09-28T14:33:00,22793.45,22793.45,22787.1,22788.35,544576
1790586240,2026-09-28T14:34:00,22788.35,22790,22781.35,22783.05,745008
1790586300,2026-09-28T14:35:00,22784.25,22786,22780.95,22782.45,684649
1790586360,2026-09-28T14:36:00,22784,22788.05,22781.4,22782.7,648333
1790586420,2026-09-28T14:37:00,22783.45,22784.2,22778.4,22779.2,1079802
1790586480,2026-09-28T14:38:00,22780.1,22780.1,22764.25,22766.6,1149357
1790586540,2026-09-28T14:39:00,22767.4,22769.25,22762.2,22768.5,1341278
1790586600,2026-09-28T14:40:00,22770.15,22772.85,22765.3,22770.6,1095876
1790586660,2026-09-28T14:41:00,22771.8,22776.5,22770,22774.1,1010466
1790586720,2026-09-28T14:42:00,22775.05,22775.8,22770,22770.1,790195
1790586780,2026-09-28T14:43:00,22771.35,22773.6,22768.6,22772.7,853583
1790586840,2026-09-28T14:44:00,22773.45,22779.6,22771.85,22778.8,770113
1790586900,2026-09-28T14:45:00,22778.85,22781.55,22778.05,22778.95,723983
1790586960,2026-09-28T14:46:00,22779.55,22789.55,22777.5,22789.4,975253
1790587020,2026-09-28T14:47:00,22788.5,22792.75,22786.95,22789.25,744373
1790587080,2026-09-28T14:48:00,22789.2,22791.45,22786.5,22790.95,769331
1790587140,2026-09-28T14:49:00,22791.7,22799.9,22790.3,22798.6,713929
1790587200,2026-09-28T14:50:00,22799.8,22803.1,22795.5,22802.4,815693
1790587260,2026-09-28T14:51:00,22803.8,22803.8,22797.3,22798.65,987957
1790587320,2026-09-28T14:52:00,22799.9,22802.9,22794.8,22802.35,1408709
1790587380,2026-09-28T14:53:00,22803.95,22808.5,22801.45,22805.85,1650030
1790587440,2026-09-28T14:54:00,22806.9,22807.1,22801.65,22802.1,1015835
1790587500,2026-09-28T14:55:00,22803.15,22804.85,22799.9,22800.55,628318
1790587560,2026-09-28T14:56:00,22802.05,22802.45,22798.75,22800.9,714679
1790587620,2026-09-28T14:57:00,22801.55,22806.2,22799.8,22802.8,1072439
1790587680,2026-09-28T14:58:00,22803.5,22805.25,22799.2,22800.8,919852
1790587740,2026-09-28T14:59:00,22801.35,22801.35,22797.25,22797.9,1040455
1790587800,2026-09-28T15:00:00,22796.9,22798.6,22793.55,22795.1,1248239
1790587860,2026-09-28T15:01:00,22794.1,22795.55,22789.9,22790.7,1325127
1790587920,2026-09-28T15:02:00,22790.05,22791.1,22780.75,22785.8,1806888
1790587980,2026-09-28T15:03:00,22785.8,22794.25,22784.3,22793.5,1966432
1790588040,2026-09-28T15:04:00,22791.9,22796.7,22790.35,22790.35,1379594
1790588100,2026-09-28T15:05:00,22790.85,22790.85,22782.65,22786.35,1999477
1790588160,2026-09-28T15:06:00,22786.35,22786.35,22778.25,22782.75,1567905
1790588220,2026-09-28T15:07:00,22782.2,22785.75,22780.4,22783.75,1399306
1790588280,2026-09-28T15:08:00,22783.35,22786.55,22782.2,22783.5,1368681
1790588340,2026-09-28T15:09:00,22783,22785.45,22777.6,22784,1665601
1790588400,2026-09-28T15:10:00,22784.2,22797.6,22782.55,22793.9,3062720
1790588460,2026-09-28T15:11:00,22792.7,22795.55,22788.3,22794.85,2321782
1790588520,2026-09-28T15:12:00,22794.4,22797.7,22787.65,22795.3,3790598
1790588580,2026-09-28T15:13:00,22795.1,22797.1,22788.65,22791.35,1571446
1790588640,2026-09-28T15:14:00,22788.25,22792.4,22781.75,22788.25,1470566
1790588700,2026-09-28T15:15:00,22788.25,22788.25,22788.25,22788.25,2581
1790588760,2026-09-28T15:16:00,22788.25,22788.25,22788.25,22788.25,2581
1790588820,2026-09-28T15:17:00,22788.25,22788.25,22788.25,22788.25,2581
1790588880,2026-09-28T15:18:00,22788.25,22788.25,22788.25,22788.25,2581
1790588940,2026-09-28T15:19:00,22788.25,22788.25,22788.25,22788.25,2581
1790589000,2026-09-28T15:20:00,22788.25,22788.25,22788.25,22788.25,2581
1790589060,2026-09-28T15:21:00,22788.25,22788.25,22788.25,22788.25,2581
1790589120,2026-09-28T15:22:00,22788.25,22788.25,22788.25,22788.25,2581
1790589180,2026-09-28T15:23:00,22788.25,22788.25,22788.25,22788.25,2581
1790589240,2026-09-28T15:24:00,22788.25,22788.25,22788.25,22788.25,2581
1790589300,2026-09-28T15:25:00,22788.25,22788.25,22788.25,22788.25,2581
1790589360,2026-09-28T15:26:00,22788.25,22788.25,22788.25,22788.25,2581
1790589420,2026-09-28T15:27:00,22788.25,22788.25,22788.25,22788.25,2581
1790589480,2026-09-28T15:28:00,22788.25,22788.25,22788.25,22788.25,2581
1790589540,2026-09-28T15:29:00,22788.25,22788.25,22780.25,22780.25,2581
