Epoch,Timestamp,Open,High,Low,Close
1789530300,2026-09-16T09:15:00,23201.05,23209.55,23189.65,23206.65
1789530315,2026-09-16T09:15:15,23209.05,23217.65,23206.9,23213.2
1789530330,2026-09-16T09:15:30,23213.05,23233.8,23212.95,23232.3
1789530345,2026-09-16T09:15:45,23232.35,23238.45,23224.3,23229.25
1789530360,2026-09-16T09:16:00,23229.45,23237.1,23222.65,23225.45
1789530375,2026-09-16T09:16:15,23225.25,23228.55,23214.65,23220.2
1789530390,2026-09-16T09:16:30,23221.35,23253.5,23219.5,23253.5
1789530405,2026-09-16T09:16:45,23253,23271.35,23252.1,23270.6
1789530420,2026-09-16T09:17:00,23271.2,23274.5,23266.45,23269.15
1789530435,2026-09-16T09:17:15,23269,23276.35,23267.55,23274.55
1789530450,2026-09-16T09:17:30,23275.2,23280.45,23273.95,23275.7
1789530465,2026-09-16T09:17:45,23275.95,23278.25,23271.4,23277.6
1789530480,2026-09-16T09:18:00,23277.2,23281.05,23271.1,23272.55
1789530495,2026-09-16T09:18:15,23272.6,23272.6,23255.7,23257.2
1789530510,2026-09-16T09:18:30,23255.75,23259.3,23248.4,23248.4
1789530525,2026-09-16T09:18:45,23249.25,23254.5,23242.3,23244.2
1789530540,2026-09-16T09:19:00,23244.25,23250.2,23243.65,23248.55
1789530555,2026-09-16T09:19:15,23248.45,23248.55,23240.55,23240.65
1789530570,2026-09-16T09:19:30,23240.8,23249.1,23240.8,23249.1
1789530585,2026-09-16T09:19:45,23249.95,23250.4,23246.05,23247.25
1789530600,2026-09-16T09:20:00,23247.65,23250.6,23237,23237
1789530615,2026-09-16T09:20:15,23238.35,23241.65,23236.45,23239.85
1789530630,2026-09-16T09:20:30,23240.45,23245.75,23239.5,23244.05
1789530645,2026-09-16T09:20:45,23243.9,23245.4,23241.25,23244.5
1789530660,2026-09-16T09:21:00,23244.45,23245.5,23235.55,23236.7
1789530675,2026-09-16T09:21:15,23237.05,23246.65,23235.45,23246
1789530690,2026-09-16T09:21:30,23247,23251.05,23244.75,23248.55
1789530705,2026-09-16T09:21:45,23249.35,23250.65,23245.15,23245.4
1789530720,2026-09-16T09:22:00,23245.9,23251.95,23245.35,23247
1789530735,2026-09-16T09:22:15,23247.6,23249.15,23238.75,23242.05
1789530750,2026-09-16T09:22:30,23241.9,23252.1,23241.3,23250.8
1789530765,2026-09-16T09:22:45,23249.9,23255.55,23248.35,23254.6
1789530780,2026-09-16T09:23:00,23253.45,23255.9,23249.2,23250.55
1789530795,2026-09-16T09:23:15,23250.7,23253.15,23247.85,23250.9
1789530810,2026-09-16T09:23:30,23251.1,23253.8,23250.45,23252.05
1789530825,2026-09-16T09:23:45,23252.7,23252.7,23243.95,23245.85
1789530840,2026-09-16T09:24:00,23245.95,23245.95,23235,23235.2
1789530855,2026-09-16T09:24:15,23236.05,23236.05,23229.05,23231.4
1789530870,2026-09-16T09:24:30,23230.6,23234.65,23228.2,23230.4
1789530885,2026-09-16T09:24:45,23230.7,23236.8,23228.55,23236.25
1789530900,2026-09-16T09:25:00,23235.9,23240.4,23233.6,23234.25
1789530915,2026-09-16T09:25:15,23234.1,23234.1,23227.15,23228
1789530930,2026-09-16T09:25:30,23227.9,23229.2,23224.95,23226.5
1789530945,2026-09-16T09:25:45,23226.7,23229.65,23225.8,23226
1789530960,2026-09-16T09:26:00,23225.85,23226.8,23220.95,23222.15
1789530975,2026-09-16T09:26:15,23221.85,23230.1,23219.65,23227.95
1789530990,2026-09-16T09:26:30,23228.15,23234.15,23227,23229.15
1789531005,2026-09-16T09:26:45,23229,23229.3,23224.2,23227.2
1789531020,2026-09-16T09:27:00,23228.05,23231.55,23227.6,23228.15
1789531035,2026-09-16T09:27:15,23228.5,23229.35,23219.55,23220.15
1789531050,2026-09-16T09:27:30,23220.3,23220.3,23214.8,23217.3
1789531065,2026-09-16T09:27:45,23217.45,23222.15,23215.7,23220.6
1789531080,2026-09-16T09:28:00,23220.85,23222.55,23215.75,23216.9
1789531095,2026-09-16T09:28:15,23217,23217,23212.4,23215.5
1789531110,2026-09-16T09:28:30,23216,23216,23204.35,23204.35
1789531125,2026-09-16T09:28:45,23204.15,23204.25,23196.95,23196.95
1789531140,2026-09-16T09:29:00,23196.8,23200.75,23195.8,23197.55
1789531155,2026-09-16T09:29:15,23197.95,23199.55,23194.3,23198.7
1789531170,2026-09-16T09:29:30,23198.05,23202.5,23194.15,23202.05
1789531185,2026-09-16T09:29:45,23202.3,23206,23200.7,23204.2
1789531200,2026-09-16T09:30:00,23204,23204.5,23197.7,23197.7
1789531215,2026-09-16T09:30:15,23197.35,23198.65,23191.55,23193.4
1789531230,2026-09-16T09:30:30,23194,23196.95,23191.35,23194.25
1789531245,2026-09-16T09:30:45,23194.1,23194.1,23180.6,23183.55
1789531260,2026-09-16T09:31:00,23184.9,23198.8,23184.2,23198
1789531275,2026-09-16T09:31:15,23199.85,23202.5,23193.35,23193.75
1789531290,2026-09-16T09:31:30,23194.1,23194.9,23191.3,23191.8
1789531305,2026-09-16T09:31:45,23191.75,23196.55,23187.65,23188.2
1789531320,2026-09-16T09:32:00,23188.35,23191,23185.6,23186.5
1789531335,2026-09-16T09:32:15,23186.25,23189.75,23182.2,23186.8
1789531350,2026-09-16T09:32:30,23187.35,23187.65,23179.1,23179.6
1789531365,2026-09-16T09:32:45,23179.3,23180.7,23175.95,23177.45
1789531380,2026-09-16T09:33:00,23176.95,23185.85,23175.9,23183.75
1789531395,2026-09-16T09:33:15,23184.1,23189.25,23183.7,23187.35
1789531410,2026-09-16T09:33:30,23187.45,23192.4,23183.7,23191.95
1789531425,2026-09-16T09:33:45,23191.9,23198.45,23191.9,23198.3
1789531440,2026-09-16T09:34:00,23198.3,23202.9,23197.8,23202
1789531455,2026-09-16T09:34:15,23201.7,23207.05,23201.25,23206.85
1789531470,2026-09-16T09:34:30,23206.8,23211.9,23206.45,23211.15
1789531485,2026-09-16T09:34:45,23210.8,23213.9,23209.4,23209.4
1789531500,2026-09-16T09:35:00,23209.45,23209.45,23190.95,23190.95
1789531515,2026-09-16T09:35:15,23189.95,23191.55,23185.5,23186.7
1789531530,2026-09-16T09:35:30,23187.3,23191.5,23186.3,23189
1789531545,2026-09-16T09:35:45,23189.15,23190.15,23182.55,23182.55
1789531560,2026-09-16T09:36:00,23183.15,23189.15,23182.2,23187.65
1789531575,2026-09-16T09:36:15,23188.25,23188.65,23180.6,23182.6
1789531590,2026-09-16T09:36:30,23182.55,23188.85,23180.65,23186.85
1789531605,2026-09-16T09:36:45,23186.8,23190.35,23186.3,23189.9
1789531620,2026-09-16T09:37:00,23190.65,23192.4,23180,23181.45
1789531635,2026-09-16T09:37:15,23181.7,23186,23181.1,23182.65
1789531650,2026-09-16T09:37:30,23182.3,23182.75,23173.5,23175.65
1789531665,2026-09-16T09:37:45,23175.3,23175.7,23170.65,23171.5
1789531680,2026-09-16T09:38:00,23170.7,23173.95,23167,23168.15
1789531695,2026-09-16T09:38:15,23168.2,23168.2,23158.55,23159
1789531710,2026-09-16T09:38:30,23158.75,23161.9,23154.75,23155.85
1789531725,2026-09-16T09:38:45,23155.1,23158.95,23154.1,23158.2
1789531740,2026-09-16T09:39:00,23158.2,23163.65,23155.2,23160.3
1789531755,2026-09-16T09:39:15,23163.4,23164.05,23155.9,23156.6
1789531770,2026-09-16T09:39:30,23156.55,23157.3,23153.05,23154.25
1789531785,2026-09-16T09:39:45,23154.3,23154.3,23150.1,23151.3
1789531800,2026-09-16T09:40:00,23150.65,23155.15,23148.05,23153.9
1789531815,2026-09-16T09:40:15,23153.95,23155.65,23147.2,23147.35
1789531830,2026-09-16T09:40:30,23147.5,23149.2,23142.7,23146.45
1789531845,2026-09-16T09:40:45,23146.6,23146.7,23141.45,23145.6
1789531860,2026-09-16T09:41:00,23145.9,23146.65,23139.85,23140.25
1789531875,2026-09-16T09:41:15,23141.1,23141.5,23133.3,23138.2
1789531890,2026-09-16T09:41:30,23138.6,23143.45,23137.2,23138.4
1789531905,2026-09-16T09:41:45,23139.15,23140.25,23134.85,23137.3
1789531920,2026-09-16T09:42:00,23137.5,23139.5,23130.05,23130.85
1789531935,2026-09-16T09:42:15,23131.05,23131.05,23127.1,23129.05
1789531950,2026-09-16T09:42:30,23129.8,23133.85,23128.95,23132.95
1789531965,2026-09-16T09:42:45,23132.9,23135.65,23131.45,23134.4
1789531980,2026-09-16T09:43:00,23135.5,23137.35,23129.5,23129.5
1789531995,2026-09-16T09:43:15,23130.3,23132.35,23128.6,23131.05
1789532010,2026-09-16T09:43:30,23131.1,23135.15,23131.1,23131.9
1789532025,2026-09-16T09:43:45,23132.1,23133,23128.95,23130.45
1789532040,2026-09-16T09:44:00,23130.4,23138.6,23129.4,23131.15
1789532055,2026-09-16T09:44:15,23130.95,23133.35,23127.5,23130.75
1789532070,2026-09-16T09:44:30,23131.25,23132.55,23126.8,23127.45
1789532085,2026-09-16T09:44:45,23127.15,23128.3,23120.95,23120.95
1789532100,2026-09-16T09:45:00,23121,23123.3,23117.5,23117.65
1789532115,2026-09-16T09:45:15,23117.2,23122.3,23116.35,23120.1
1789532130,2026-09-16T09:45:30,23120.65,23125.1,23120.15,23124.4
1789532145,2026-09-16T09:45:45,23124.5,23131.8,23123.35,23129.05
1789532160,2026-09-16T09:46:00,23129.1,23132.2,23128.1,23129.2
1789532175,2026-09-16T09:46:15,23129.5,23138.85,23128.25,23138.5
1789532190,2026-09-16T09:46:30,23138.45,23140.6,23137.5,23138.7
1789532205,2026-09-16T09:46:45,23138.45,23141.4,23135.3,23138.6
1789532220,2026-09-16T09:47:00,23138.2,23143.25,23131.6,23131.6
1789532235,2026-09-16T09:47:15,23131.6,23131.6,23122.05,23122.9
1789532250,2026-09-16T09:47:30,23122.45,23123.7,23118.45,23118.7
1789532265,2026-09-16T09:47:45,23119,23120.3,23117.1,23119.55
1789532280,2026-09-16T09:48:00,23120,23124.5,23119.2,23124
1789532295,2026-09-16T09:48:15,23124.05,23130.1,23123.1,23129.9
1789532310,2026-09-16T09:48:30,23129.85,23134.8,23129.85,23131.55
1789532325,2026-09-16T09:48:45,23131.15,23138.25,23130.75,23135.15
1789532340,2026-09-16T09:49:00,23135.85,23141.1,23133.6,23140.65
1789532355,2026-09-16T09:49:15,23140.95,23144.95,23140.05,23144.95
1789532370,2026-09-16T09:49:30,23144.7,23151.35,23144.6,23151.2
1789532385,2026-09-16T09:49:45,23150.85,23153.2,23149.7,23152.2
1789532400,2026-09-16T09:50:00,23152.6,23159.95,23150.35,23159.15
1789532415,2026-09-16T09:50:15,23158.45,23171,23157.9,23171
1789532430,2026-09-16T09:50:30,23171.25,23178.85,23162.6,23163.75
1789532445,2026-09-16T09:50:45,23162.75,23165.1,23161.8,23162.85
1789532460,2026-09-16T09:51:00,23162.7,23162.95,23159.45,23162.6
1789532475,2026-09-16T09:51:15,23162.35,23162.9,23158.4,23159.7
1789532490,2026-09-16T09:51:30,23159.75,23160.35,23155.15,23160.2
1789532505,2026-09-16T09:51:45,23159.85,23166.55,23157.25,23165.75
1789532520,2026-09-16T09:52:00,23166.2,23178.6,23166.2,23177.9
1789532535,2026-09-16T09:52:15,23178.05,23183.1,23177.55,23180.8
1789532550,2026-09-16T09:52:30,23180.75,23190.95,23180.35,23186.95
1789532565,2026-09-16T09:52:45,23187.3,23193.2,23185.25,23188.45
1789532580,2026-09-16T09:53:00,23188.45,23188.6,23174.1,23174.95
1789532595,2026-09-16T09:53:15,23175.05,23181.1,23174.4,23180.45
1789532610,2026-09-16T09:53:30,23180.75,23188.5,23180.65,23186.75
1789532625,2026-09-16T09:53:45,23187.5,23191.3,23186.95,23191.15
1789532640,2026-09-16T09:54:00,23191.25,23200.4,23190.8,23197.2
1789532655,2026-09-16T09:54:15,23197.45,23200.3,23195.15,23199.25
1789532670,2026-09-16T09:54:30,23198.9,23208.55,23197.85,23206.85
1789532685,2026-09-16T09:54:45,23207.1,23212.9,23206.65,23212.8
1789532700,2026-09-16T09:55:00,23212.4,23223.55,23212.4,23221.05
1789532715,2026-09-16T09:55:15,23221.1,23225.45,23214.6,23214.75
1789532730,2026-09-16T09:55:30,23214.5,23216.3,23211.65,23213.65
1789532745,2026-09-16T09:55:45,23214,23228,23212.5,23226.85
1789532760,2026-09-16T09:56:00,23227.4,23235.75,23226.9,23234.4
1789532775,2026-09-16T09:56:15,23234.65,23234.9,23222.85,23224.15
1789532790,2026-09-16T09:56:30,23223.75,23224,23219.65,23221.1
1789532805,2026-09-16T09:56:45,23221.8,23224.6,23218.95,23222.9
1789532820,2026-09-16T09:57:00,23223.15,23230.45,23222.5,23229.7
1789532835,2026-09-16T09:57:15,23229.55,23229.55,23219.1,23223.05
1789532850,2026-09-16T09:57:30,23222.75,23228.65,23222.75,23227.05
1789532865,2026-09-16T09:57:45,23226.55,23226.55,23218.7,23221.6
1789532880,2026-09-16T09:58:00,23221.95,23222.4,23211.35,23212.65
1789532895,2026-09-16T09:58:15,23212.15,23212.35,23205.05,23205.05
1789532910,2026-09-16T09:58:30,23206.25,23206.25,23202.1,23204.55
1789532925,2026-09-16T09:58:45,23204,23204.95,23202.45,23203.7
1789532940,2026-09-16T09:59:00,23203.9,23211.6,23202.9,23209.1
1789532955,2026-09-16T09:59:15,23208.5,23217.35,23208.15,23215.55
1789532970,2026-09-16T09:59:30,23215.65,23224.8,23214.65,23222.65
1789532985,2026-09-16T09:59:45,23222.85,23225.1,23221.7,23224.6
1789533000,2026-09-16T10:00:00,23224.5,23225.15,23219.45,23222.85
1789533015,2026-09-16T10:00:15,23223.05,23223.05,23213.8,23216.2
1789533030,2026-09-16T10:00:30,23216.25,23221.65,23208.45,23211.65
1789533045,2026-09-16T10:00:45,23211.8,23218.6,23211.15,23216.85
1789533060,2026-09-16T10:01:00,23216.95,23219.8,23214.15,23216.7
1789533075,2026-09-16T10:01:15,23216.55,23220.95,23215.9,23220.6
1789533090,2026-09-16T10:01:30,23220.55,23222.5,23207,23208
1789533105,2026-09-16T10:01:45,23208.2,23208.2,23200.5,23201.65
1789533120,2026-09-16T10:02:00,23202.45,23204.95,23199.45,23199.75
1789533135,2026-09-16T10:02:15,23199.95,23199.95,23196.2,23197.35
1789533150,2026-09-16T10:02:30,23197.95,23206.85,23197.05,23203.05
1789533165,2026-09-16T10:02:45,23202.85,23203.6,23190.2,23194
1789533180,2026-09-16T10:03:00,23194.3,23207.55,23194.1,23206.7
1789533195,2026-09-16T10:03:15,23206.6,23207.65,23205.35,23207.3
1789533210,2026-09-16T10:03:30,23207.3,23207.45,23200.1,23200.1
1789533225,2026-09-16T10:03:45,23200.5,23202,23199.5,23199.95
1789533240,2026-09-16T10:04:00,23199.75,23200.75,23197.95,23198.3
1789533255,2026-09-16T10:04:15,23198.3,23198.3,23190,23190.8
1789533270,2026-09-16T10:04:30,23190.95,23190.95,23184.7,23185.5
1789533285,2026-09-16T10:04:45,23185.2,23186.45,23183,23183.9
1789533300,2026-09-16T10:05:00,23184.05,23184.25,23177.1,23178.4
1789533315,2026-09-16T10:05:15,23178.5,23179.55,23175.45,23175.7
1789533330,2026-09-16T10:05:30,23176.3,23176.3,23169.1,23172.65
1789533345,2026-09-16T10:05:45,23172.95,23176.95,23171.05,23171.15
1789533360,2026-09-16T10:06:00,23171.15,23172.05,23164.7,23165.8
1789533375,2026-09-16T10:06:15,23165.95,23172,23163.4,23171.55
1789533390,2026-09-16T10:06:30,23171.15,23174.65,23171,23173.2
1789533405,2026-09-16T10:06:45,23173.7,23176.75,23172.65,23175.05
1789533420,2026-09-16T10:07:00,23174.9,23178.4,23174.9,23177.65
1789533435,2026-09-16T10:07:15,23177.75,23179.1,23175.25,23178.85
1789533450,2026-09-16T10:07:30,23178.8,23180.85,23172.55,23173.1
1789533465,2026-09-16T10:07:45,23173.2,23185.6,23169.25,23185.6
1789533480,2026-09-16T10:08:00,23186.45,23191.35,23185,23187.95
1789533495,2026-09-16T10:08:15,23187.95,23188.5,23186.25,23187.3
1789533510,2026-09-16T10:08:30,23187.25,23187.95,23185,23187.15
1789533525,2026-09-16T10:08:45,23187.15,23187.75,23172.6,23175
1789533540,2026-09-16T10:09:00,23174.95,23180.45,23173.1,23179.1
1789533555,2026-09-16T10:09:15,23178.55,23179.8,23173.75,23174.6
1789533570,2026-09-16T10:09:30,23174.95,23177.55,23173.75,23177.05
1789533585,2026-09-16T10:09:45,23177.35,23179.8,23175.45,23178.15
1789533600,2026-09-16T10:10:00,23178.1,23181.5,23178,23179.2
1789533615,2026-09-16T10:10:15,23179.65,23181.15,23179.25,23179.7
1789533630,2026-09-16T10:10:30,23180.3,23185.5,23179.95,23183.75
1789533645,2026-09-16T10:10:45,23183.75,23184.75,23178.4,23178.6
1789533660,2026-09-16T10:11:00,23178.75,23179.65,23176.3,23177.9
1789533675,2026-09-16T10:11:15,23177.85,23182.6,23175.4,23181.6
1789533690,2026-09-16T10:11:30,23181.95,23187.65,23181.6,23187.55
1789533705,2026-09-16T10:11:45,23187.7,23188.3,23186.2,23186.3
1789533720,2026-09-16T10:12:00,23186.85,23191.4,23186.55,23190.3
1789533735,2026-09-16T10:12:15,23190.45,23196,23190.05,23195.85
1789533750,2026-09-16T10:12:30,23195.7,23200.3,23195.15,23199.7
1789533765,2026-09-16T10:12:45,23197.9,23200.85,23197.9,23199.4
1789533780,2026-09-16T10:13:00,23199.2,23200.45,23187.75,23187.8
1789533795,2026-09-16T10:13:15,23187.95,23188.7,23182,23182
1789533810,2026-09-16T10:13:30,23182.1,23184.55,23180.4,23182.9
1789533825,2026-09-16T10:13:45,23182.95,23183.4,23177.15,23177.4
1789533840,2026-09-16T10:14:00,23177.25,23180.15,23175.9,23178.2
1789533855,2026-09-16T10:14:15,23178.55,23179.7,23177.35,23178.65
1789533870,2026-09-16T10:14:30,23178.55,23181.5,23178,23179.55
1789533885,2026-09-16T10:14:45,23179.55,23181.05,23175.6,23177.75
1789533900,2026-09-16T10:15:00,23177.85,23177.95,23173.05,23173.6
1789533915,2026-09-16T10:15:15,23173.8,23177.4,23172.1,23177.1
1789533930,2026-09-16T10:15:30,23177,23181.9,23176.9,23181.3
1789533945,2026-09-16T10:15:45,23180.75,23184.25,23180.7,23183.5
1789533960,2026-09-16T10:16:00,23183.2,23187.2,23182.7,23185.25
1789533975,2026-09-16T10:16:15,23185.25,23188.05,23184.05,23186.15
1789533990,2026-09-16T10:16:30,23186,23194,23185.55,23192.05
1789534005,2026-09-16T10:16:45,23192.75,23194.45,23189.9,23191.35
1789534020,2026-09-16T10:17:00,23191.45,23201.35,23191.4,23199
1789534035,2026-09-16T10:17:15,23199.25,23202.5,23198.6,23201.6
1789534050,2026-09-16T10:17:30,23201.8,23208.1,23201.8,23206.55
1789534065,2026-09-16T10:17:45,23206.4,23212.75,23205.9,23210.75
1789534080,2026-09-16T10:18:00,23210.45,23215.3,23210.45,23214.45
1789534095,2026-09-16T10:18:15,23214.55,23214.7,23206.15,23206.75
1789534110,2026-09-16T10:18:30,23206.85,23210.45,23206.3,23207.3
1789534125,2026-09-16T10:18:45,23207.4,23210.25,23202.9,23204
1789534140,2026-09-16T10:19:00,23203.45,23206.3,23203.45,23204.4
1789534155,2026-09-16T10:19:15,23204.35,23207.75,23204.15,23207.2
1789534170,2026-09-16T10:19:30,23207.15,23207.45,23197.2,23197.6
1789534185,2026-09-16T10:19:45,23197.55,23198,23192.35,23193.1
1789534200,2026-09-16T10:20:00,23193.4,23198.9,23192.45,23198.05
1789534215,2026-09-16T10:20:15,23197.85,23203.45,23197.65,23202
1789534230,2026-09-16T10:20:30,23201.9,23206.3,23201.55,23203.9
1789534245,2026-09-16T10:20:45,23203.85,23205.6,23202.3,23203.1
1789534260,2026-09-16T10:21:00,23202.85,23204.7,23201.25,23201.25
1789534275,2026-09-16T10:21:15,23201.35,23203.55,23199.8,23200.2
1789534290,2026-09-16T10:21:30,23200.25,23200.25,23193.7,23197.3
1789534305,2026-09-16T10:21:45,23197.85,23201,23196.9,23198.85
1789534320,2026-09-16T10:22:00,23198.95,23208.75,23198.6,23206.6
1789534335,2026-09-16T10:22:15,23206.5,23208.3,23205.55,23207.55
1789534350,2026-09-16T10:22:30,23207.45,23211.55,23206.95,23208.7
1789534365,2026-09-16T10:22:45,23208.65,23210.2,23207.25,23209.35
1789534380,2026-09-16T10:23:00,23209.6,23213.1,23208,23211.1
1789534395,2026-09-16T10:23:15,23211.3,23214.4,23210.9,23213.7
1789534410,2026-09-16T10:23:30,23213.55,23218.2,23213.1,23217.7
1789534425,2026-09-16T10:23:45,23217.8,23223.1,23216.35,23221.35
1789534440,2026-09-16T10:24:00,23221.55,23226.6,23221.35,23225.7
1789534455,2026-09-16T10:24:15,23225.5,23225.6,23209.3,23213.45
1789534470,2026-09-16T10:24:30,23212.85,23217.4,23212.45,23214.95
1789534485,2026-09-16T10:24:45,23215.15,23223.85,23214,23223.8
1789534500,2026-09-16T10:25:00,23223.5,23226.5,23222.05,23226.05
1789534515,2026-09-16T10:25:15,23226,23228.75,23219.5,23222.05
1789534530,2026-09-16T10:25:30,23222.15,23224.9,23220.15,23224.25
1789534545,2026-09-16T10:25:45,23224.25,23231.9,23224.25,23230.25
1789534560,2026-09-16T10:26:00,23229.85,23234.8,23229.75,23234.6
1789534575,2026-09-16T10:26:15,23234.65,23239.45,23234.55,23236.7
1789534590,2026-09-16T10:26:30,23236.65,23237.65,23224.2,23224.45
1789534605,2026-09-16T10:26:45,23224.2,23224.9,23221.25,23222.7
1789534620,2026-09-16T10:27:00,23223.05,23223.95,23220.9,23221.65
1789534635,2026-09-16T10:27:15,23221.75,23226.75,23221.1,23226.45
1789534650,2026-09-16T10:27:30,23226.3,23226.5,23223.4,23224.7
1789534665,2026-09-16T10:27:45,23224.65,23226.15,23222.55,23224.4
1789534680,2026-09-16T10:28:00,23225.1,23226.65,23222.55,23225.6
1789534695,2026-09-16T10:28:15,23225.35,23231.1,23225.05,23230.15
1789534710,2026-09-16T10:28:30,23230.55,23234.85,23229.7,23232.6
1789534725,2026-09-16T10:28:45,23232.75,23234.1,23230.4,23232.05
1789534740,2026-09-16T10:29:00,23232,23235.7,23232,23234.85
1789534755,2026-09-16T10:29:15,23234.1,23235.35,23232.5,23233.95
1789534770,2026-09-16T10:29:30,23234.15,23235.7,23233.65,23234.95
1789534785,2026-09-16T10:29:45,23235.1,23235.15,23229.8,23229.8
1789534800,2026-09-16T10:30:00,23229.55,23236.45,23229.35,23235.1
1789534815,2026-09-16T10:30:15,23235.05,23235.8,23232.1,23233.2
1789534830,2026-09-16T10:30:30,23232.2,23239.6,23231.55,23235.5
1789534845,2026-09-16T10:30:45,23235.4,23236.1,23230.4,23231.65
1789534860,2026-09-16T10:31:00,23231.75,23233.5,23230.7,23230.7
1789534875,2026-09-16T10:31:15,23230.2,23230.45,23226.35,23226.7
1789534890,2026-09-16T10:31:30,23226.4,23227.3,23223.7,23224.95
1789534905,2026-09-16T10:31:45,23224.8,23227.85,23223.85,23226.65
1789534920,2026-09-16T10:32:00,23226.75,23231.3,23225.95,23230
1789534935,2026-09-16T10:32:15,23230.4,23234.2,23230.4,23232.2
1789534950,2026-09-16T10:32:30,23232.1,23234.05,23231.5,23232.75
1789534965,2026-09-16T10:32:45,23233,23239.05,23232.6,23238.05
1789534980,2026-09-16T10:33:00,23238.1,23238.1,23235.55,23235.6
1789534995,2026-09-16T10:33:15,23235.6,23235.6,23233.4,23235.05
1789535010,2026-09-16T10:33:30,23235.2,23236.8,23233.85,23233.85
1789535025,2026-09-16T10:33:45,23233.85,23236.3,23232.1,23235.5
1789535040,2026-09-16T10:34:00,23235.65,23239.1,23235.65,23237.55
1789535055,2026-09-16T10:34:15,23237.5,23238.95,23237.1,23238.4
1789535070,2026-09-16T10:34:30,23238.25,23243.9,23238.05,23241.85
1789535085,2026-09-16T10:34:45,23241.9,23248.1,23241.3,23245.2
1789535100,2026-09-16T10:35:00,23245.8,23246.3,23243.45,23243.75
1789535115,2026-09-16T10:35:15,23244.6,23249,23244,23248.7
1789535130,2026-09-16T10:35:30,23248.6,23248.65,23244.15,23245.65
1789535145,2026-09-16T10:35:45,23245.85,23247.8,23243.7,23244.1
1789535160,2026-09-16T10:36:00,23243.95,23245.25,23242.05,23242.15
1789535175,2026-09-16T10:36:15,23242.4,23245.25,23239.85,23243.15
1789535190,2026-09-16T10:36:30,23243,23247.5,23243,23245.2
1789535205,2026-09-16T10:36:45,23244.9,23247.5,23244.35,23244.4
1789535220,2026-09-16T10:37:00,23244.2,23244.85,23235.1,23235.1
1789535235,2026-09-16T10:37:15,23235.05,23235.65,23229.15,23229.55
1789535250,2026-09-16T10:37:30,23229.65,23230.65,23226.95,23229.3
1789535265,2026-09-16T10:37:45,23229.1,23230.15,23225.55,23225.85
1789535280,2026-09-16T10:38:00,23225.85,23235.35,23225.85,23234.8
1789535295,2026-09-16T10:38:15,23235.25,23239.25,23234.45,23238.6
1789535310,2026-09-16T10:38:30,23238.6,23239.05,23235.25,23235.4
1789535325,2026-09-16T10:38:45,23235.8,23236.8,23234.7,23235.8
1789535340,2026-09-16T10:39:00,23235.85,23237.95,23235.05,23236.7
1789535355,2026-09-16T10:39:15,23236.75,23237.15,23235.5,23235.8
1789535370,2026-09-16T10:39:30,23235.5,23239.25,23235.1,23239.25
1789535385,2026-09-16T10:39:45,23239.4,23241.05,23238.05,23240.05
1789535400,2026-09-16T10:40:00,23239.6,23247.6,23239.2,23246
1789535415,2026-09-16T10:40:15,23246.2,23248.15,23244.75,23246.15
1789535430,2026-09-16T10:40:30,23246.15,23248.6,23245.7,23246.95
1789535445,2026-09-16T10:40:45,23246.9,23249.05,23243.8,23246.1
1789535460,2026-09-16T10:41:00,23246.05,23250,23245.7,23249.5
1789535475,2026-09-16T10:41:15,23248.95,23249.15,23245.6,23248.2
1789535490,2026-09-16T10:41:30,23248.05,23248.4,23246,23246.05
1789535505,2026-09-16T10:41:45,23246.2,23246.95,23244.4,23245.4
1789535520,2026-09-16T10:42:00,23245.2,23246.85,23241.6,23242.75
1789535535,2026-09-16T10:42:15,23242.1,23243,23240.65,23241.3
1789535550,2026-09-16T10:42:30,23241.15,23242.85,23239.85,23240.95
1789535565,2026-09-16T10:42:45,23239.9,23241,23237.7,23238.8
1789535580,2026-09-16T10:43:00,23238.8,23240.8,23237.65,23240.4
1789535595,2026-09-16T10:43:15,23240.45,23244.15,23240.3,23243.55
1789535610,2026-09-16T10:43:30,23243.5,23249.1,23243.5,23245.9
1789535625,2026-09-16T10:43:45,23246,23248.3,23244.7,23247.75
1789535640,2026-09-16T10:44:00,23247.6,23248.5,23245.3,23245.95
1789535655,2026-09-16T10:44:15,23246.45,23246.45,23240.7,23243.4
1789535670,2026-09-16T10:44:30,23243.45,23248.75,23242.6,23248.35
1789535685,2026-09-16T10:44:45,23248.25,23250.1,23247.35,23248.5
1789535700,2026-09-16T10:45:00,23248.6,23252.9,23248.3,23250.25
1789535715,2026-09-16T10:45:15,23250,23254.45,23248,23254.15
1789535730,2026-09-16T10:45:30,23254.05,23254.8,23247.7,23249.3
1789535745,2026-09-16T10:45:45,23249.55,23249.75,23245.9,23246.85
1789535760,2026-09-16T10:46:00,23247.1,23249.2,23244.75,23247.55
1789535775,2026-09-16T10:46:15,23247.85,23254.1,23247.85,23250.4
1789535790,2026-09-16T10:46:30,23250.45,23251.85,23247.05,23247.05
1789535805,2026-09-16T10:46:45,23247.1,23248.7,23245.65,23248
1789535820,2026-09-16T10:47:00,23247.85,23252.3,23247.5,23250.85
1789535835,2026-09-16T10:47:15,23251.15,23251.9,23246.8,23249.8
1789535850,2026-09-16T10:47:30,23249.4,23249.4,23245.55,23248.5
1789535865,2026-09-16T10:47:45,23248,23248.2,23244.85,23246.05
1789535880,2026-09-16T10:48:00,23246.15,23251.35,23245.9,23251.35
1789535895,2026-09-16T10:48:15,23251.3,23255.8,23249.9,23254.55
1789535910,2026-09-16T10:48:30,23254.35,23256.45,23252.9,23256.15
1789535925,2026-09-16T10:48:45,23256,23260.45,23254.6,23260.1
1789535940,2026-09-16T10:49:00,23259.65,23261.35,23257.7,23260.35
1789535955,2026-09-16T10:49:15,23259.6,23260.25,23257.95,23259.95
1789535970,2026-09-16T10:49:30,23259.75,23266.1,23259,23264.05
1789535985,2026-09-16T10:49:45,23263.9,23265.2,23259.6,23260.1
1789536000,2026-09-16T10:50:00,23260.05,23261.95,23259,23259.1
1789536015,2026-09-16T10:50:15,23258.75,23261.45,23254.7,23254.95
1789536030,2026-09-16T10:50:30,23255.05,23255.5,23249.55,23249.6
1789536045,2026-09-16T10:50:45,23249.55,23249.8,23246.6,23247.5
1789536060,2026-09-16T10:51:00,23247.55,23254.05,23246.95,23254.05
1789536075,2026-09-16T10:51:15,23253.75,23257.7,23253.45,23256.9
1789536090,2026-09-16T10:51:30,23256.95,23258.9,23255.55,23256.45
1789536105,2026-09-16T10:51:45,23256.7,23258.3,23254,23255.65
1789536120,2026-09-16T10:52:00,23255.6,23260.05,23255.25,23258.35
1789536135,2026-09-16T10:52:15,23259.45,23264.9,23257.35,23263.25
1789536150,2026-09-16T10:52:30,23263.15,23265.4,23261.4,23263.8
1789536165,2026-09-16T10:52:45,23263.35,23268.65,23262.2,23267.25
1789536180,2026-09-16T10:53:00,23267.25,23267.95,23264.2,23266.75
1789536195,2026-09-16T10:53:15,23267.2,23267.6,23261.35,23262.4
1789536210,2026-09-16T10:53:30,23262.05,23262.8,23259.35,23259.65
1789536225,2026-09-16T10:53:45,23259.15,23260.2,23253.65,23254.15
1789536240,2026-09-16T10:54:00,23254.95,23258.05,23253.65,23257.05
1789536255,2026-09-16T10:54:15,23256.35,23258.6,23255.95,23258.6
1789536270,2026-09-16T10:54:30,23258.35,23258.35,23255.3,23255.85
1789536285,2026-09-16T10:54:45,23256,23256,23253,23254.3
1789536300,2026-09-16T10:55:00,23254.15,23254.45,23247.4,23247.5
1789536315,2026-09-16T10:55:15,23247.45,23248.6,23243.6,23243.8
1789536330,2026-09-16T10:55:30,23243.75,23244.85,23240.35,23240.35
1789536345,2026-09-16T10:55:45,23240.55,23241.4,23237.35,23237.35
1789536360,2026-09-16T10:56:00,23237.3,23241.9,23236.95,23241.85
1789536375,2026-09-16T10:56:15,23241.8,23244.2,23240.35,23242.25
1789536390,2026-09-16T10:56:30,23242.35,23244,23241.6,23242.05
1789536405,2026-09-16T10:56:45,23242,23246.55,23240.95,23246.25
1789536420,2026-09-16T10:57:00,23245.7,23251.05,23245.7,23249.3
1789536435,2026-09-16T10:57:15,23250.1,23251.5,23247.5,23250.25
1789536450,2026-09-16T10:57:30,23249.7,23251.4,23248.8,23249.65
1789536465,2026-09-16T10:57:45,23249.8,23252.45,23249.1,23251.65
1789536480,2026-09-16T10:58:00,23250.9,23252.1,23245.4,23250.75
1789536495,2026-09-16T10:58:15,23250.9,23251.2,23248.6,23249.1
1789536510,2026-09-16T10:58:30,23249.05,23249.15,23245,23245.05
1789536525,2026-09-16T10:58:45,23244.8,23249.25,23244.8,23248.15
1789536540,2026-09-16T10:59:00,23248.25,23252.85,23247.8,23252.15
1789536555,2026-09-16T10:59:15,23251.6,23252.65,23249.8,23250.7
1789536570,2026-09-16T10:59:30,23250.85,23252.4,23249.4,23250.6
1789536585,2026-09-16T10:59:45,23250.1,23252.4,23249.25,23252
1789536600,2026-09-16T11:00:00,23252,23257.5,23251.9,23255.95
1789536615,2026-09-16T11:00:15,23255.95,23256.45,23252.5,23254.05
1789536630,2026-09-16T11:00:30,23254.05,23256.1,23253.55,23255.7
1789536645,2026-09-16T11:00:45,23255.75,23261,23253.9,23260.5
1789536660,2026-09-16T11:01:00,23260.35,23262.85,23260.15,23260.3
1789536675,2026-09-16T11:01:15,23260.15,23263.2,23259.65,23263.2
1789536690,2026-09-16T11:01:30,23263.1,23266.7,23262.95,23265.55
1789536705,2026-09-16T11:01:45,23265.65,23266.4,23263.65,23264.8
1789536720,2026-09-16T11:02:00,23264.85,23267.95,23264.15,23266.65
1789536735,2026-09-16T11:02:15,23266.95,23269.65,23265.9,23269.25
1789536750,2026-09-16T11:02:30,23269.65,23274.5,23269.45,23273.55
1789536765,2026-09-16T11:02:45,23273.1,23274,23270.45,23272.4
1789536780,2026-09-16T11:03:00,23272.55,23276.4,23271.75,23274.3
1789536795,2026-09-16T11:03:15,23273.3,23275.7,23271.3,23274.5
1789536810,2026-09-16T11:03:30,23274.5,23276.2,23272.95,23276.2
1789536825,2026-09-16T11:03:45,23275.95,23278.75,23275.55,23277.65
1789536840,2026-09-16T11:04:00,23277.8,23278.7,23274.95,23275.6
1789536855,2026-09-16T11:04:15,23275.35,23277.8,23272.6,23274.3
1789536870,2026-09-16T11:04:30,23274.25,23274.9,23271.75,23274.25
1789536885,2026-09-16T11:04:45,23273.3,23273.75,23271.75,23272.55
1789536900,2026-09-16T11:05:00,23272.35,23273.35,23264.75,23266.05
1789536915,2026-09-16T11:05:15,23265.9,23265.95,23262.5,23263.2
1789536930,2026-09-16T11:05:30,23263.65,23264.4,23259.5,23260.65
1789536945,2026-09-16T11:05:45,23260.65,23265,23260.2,23262.75
1789536960,2026-09-16T11:06:00,23263.55,23264.4,23261.85,23261.95
1789536975,2026-09-16T11:06:15,23262.2,23265.15,23261.85,23264.75
1789536990,2026-09-16T11:06:30,23265.05,23267.65,23263.8,23264.05
1789537005,2026-09-16T11:06:45,23264.05,23265.15,23260.6,23261.45
1789537020,2026-09-16T11:07:00,23261.2,23264.8,23259.45,23262.95
1789537035,2026-09-16T11:07:15,23262.75,23262.75,23256.6,23257.05
1789537050,2026-09-16T11:07:30,23256.45,23258.8,23255,23258.55
1789537065,2026-09-16T11:07:45,23258.85,23260.7,23252.3,23253.5
1789537080,2026-09-16T11:08:00,23253.55,23260.65,23253.55,23259.4
1789537095,2026-09-16T11:08:15,23259.2,23259.6,23253.95,23256.05
1789537110,2026-09-16T11:08:30,23256.5,23262.25,23256.4,23261.45
1789537125,2026-09-16T11:08:45,23260.85,23261.9,23257.95,23261.1
1789537140,2026-09-16T11:09:00,23260.85,23261.75,23259.55,23260.2
1789537155,2026-09-16T11:09:15,23260.05,23260.35,23256.75,23257.45
1789537170,2026-09-16T11:09:30,23258,23260.35,23257.4,23259.25
1789537185,2026-09-16T11:09:45,23258.8,23259.95,23256.55,23257.85
1789537200,2026-09-16T11:10:00,23258.05,23258.1,23256.2,23256.85
1789537215,2026-09-16T11:10:15,23256.45,23260.5,23256.45,23259.7
1789537230,2026-09-16T11:10:30,23259.8,23264.35,23259.55,23262.95
1789537245,2026-09-16T11:10:45,23263.6,23263.9,23260.6,23263
1789537260,2026-09-16T11:11:00,23263.1,23263.45,23260.65,23261.9
1789537275,2026-09-16T11:11:15,23261.8,23264.3,23261.1,23264.2
1789537290,2026-09-16T11:11:30,23263.9,23265.7,23262.65,23264.8
1789537305,2026-09-16T11:11:45,23264.35,23264.85,23258,23258.9
1789537320,2026-09-16T11:12:00,23258.65,23263.5,23258.3,23262
1789537335,2026-09-16T11:12:15,23262.25,23262.9,23260.65,23262.4
1789537350,2026-09-16T11:12:30,23262.8,23264.95,23259.9,23264.55
1789537365,2026-09-16T11:12:45,23264.1,23264.1,23260.8,23262.8
1789537380,2026-09-16T11:13:00,23262.75,23263.1,23260.9,23261.5
1789537395,2026-09-16T11:13:15,23261.25,23263.25,23258.5,23259.1
1789537410,2026-09-16T11:13:30,23258.95,23260.4,23257.9,23258.7
1789537425,2026-09-16T11:13:45,23258.05,23258.3,23255.8,23256.25
1789537440,2026-09-16T11:14:00,23256.15,23256.95,23253.6,23254.4
1789537455,2026-09-16T11:14:15,23254.2,23255.8,23253.3,23254.6
1789537470,2026-09-16T11:14:30,23254.6,23255.75,23250.2,23250.95
1789537485,2026-09-16T11:14:45,23250.55,23251.55,23248.4,23250.7
1789537500,2026-09-16T11:15:00,23250.85,23258.3,23250.7,23256.85
1789537515,2026-09-16T11:15:15,23256.6,23257.9,23254.25,23257.65
1789537530,2026-09-16T11:15:30,23257.5,23259.55,23257.05,23258.7
1789537545,2026-09-16T11:15:45,23258.45,23259.4,23256.8,23258.7
1789537560,2026-09-16T11:16:00,23258.8,23265.8,23258.5,23264.45
1789537575,2026-09-16T11:16:15,23264.15,23267.55,23263.6,23267.3
1789537590,2026-09-16T11:16:30,23267.25,23269,23266.35,23267.55
1789537605,2026-09-16T11:16:45,23267.45,23267.85,23263.75,23265.15
1789537620,2026-09-16T11:17:00,23264.6,23265.65,23262.15,23262.8
1789537635,2026-09-16T11:17:15,23263.65,23263.65,23260.15,23261
1789537650,2026-09-16T11:17:30,23260.7,23260.7,23256.35,23257.4
1789537665,2026-09-16T11:17:45,23257.85,23259.75,23254.45,23255.8
1789537680,2026-09-16T11:18:00,23255.7,23259.1,23254.45,23258.1
1789537695,2026-09-16T11:18:15,23258.7,23262.75,23258.35,23260
1789537710,2026-09-16T11:18:30,23259.8,23260.9,23254.7,23257.4
1789537725,2026-09-16T11:18:45,23256.95,23256.95,23254.05,23255.6
1789537740,2026-09-16T11:19:00,23255.5,23255.55,23251.55,23251.9
1789537755,2026-09-16T11:19:15,23251.55,23253.95,23249.65,23250.2
1789537770,2026-09-16T11:19:30,23250.4,23253.75,23249.25,23252.65
1789537785,2026-09-16T11:19:45,23251.85,23253,23247.6,23248.5
1789537800,2026-09-16T11:20:00,23248.45,23248.7,23245.05,23245.4
1789537815,2026-09-16T11:20:15,23245.8,23245.8,23240.55,23240.55
1789537830,2026-09-16T11:20:30,23240.4,23241.75,23239,23240.3
1789537845,2026-09-16T11:20:45,23239.9,23242.5,23238.95,23242.4
1789537860,2026-09-16T11:21:00,23241.4,23242.2,23238.45,23239.05
1789537875,2026-09-16T11:21:15,23239.15,23241.45,23237.15,23237.45
1789537890,2026-09-16T11:21:30,23237.1,23237.35,23233.3,23235.05
1789537905,2026-09-16T11:21:45,23234.65,23237.6,23232.85,23237.05
1789537920,2026-09-16T11:22:00,23236.9,23242.95,23236.1,23238.8
1789537935,2026-09-16T11:22:15,23238.55,23240,23237.2,23240
1789537950,2026-09-16T11:22:30,23239.95,23242.65,23238.8,23242.05
1789537965,2026-09-16T11:22:45,23241.85,23250,23241.2,23248.95
1789537980,2026-09-16T11:23:00,23249.25,23255.6,23249.15,23254.65
1789537995,2026-09-16T11:23:15,23254.3,23257.3,23254.2,23256.6
1789538010,2026-09-16T11:23:30,23256.6,23263.3,23255.75,23263.25
1789538025,2026-09-16T11:23:45,23262.85,23263.55,23257.1,23258.3
1789538040,2026-09-16T11:24:00,23258.2,23258.2,23254.15,23255.95
1789538055,2026-09-16T11:24:15,23255.9,23256,23248.6,23249.55
1789538070,2026-09-16T11:24:30,23248.95,23249.1,23245.8,23245.8
1789538085,2026-09-16T11:24:45,23245.8,23247.05,23243.4,23243.4
1789538100,2026-09-16T11:25:00,23243.45,23246.25,23243.15,23243.6
1789538115,2026-09-16T11:25:15,23243.15,23243.5,23241.4,23242.15
1789538130,2026-09-16T11:25:30,23242.1,23243.15,23237.95,23238.3
1789538145,2026-09-16T11:25:45,23238,23239.1,23235.15,23236.1
1789538160,2026-09-16T11:26:00,23236.25,23236.6,23232.8,23233.8
1789538175,2026-09-16T11:26:15,23233.25,23235.15,23231.4,23233
1789538190,2026-09-16T11:26:30,23233.2,23234.4,23230.65,23231
1789538205,2026-09-16T11:26:45,23230.7,23232.3,23229.4,23231.25
1789538220,2026-09-16T11:27:00,23231.05,23234.6,23231,23232.7
1789538235,2026-09-16T11:27:15,23232.4,23233.35,23230.25,23231.1
1789538250,2026-09-16T11:27:30,23230.8,23231.7,23227.1,23228.1
1789538265,2026-09-16T11:27:45,23228,23228,23225.75,23226.45
1789538280,2026-09-16T11:28:00,23226.4,23231.65,23226.35,23230.5
1789538295,2026-09-16T11:28:15,23230.25,23232.45,23229.05,23229.05
1789538310,2026-09-16T11:28:30,23229,23230,23226.25,23226.55
1789538325,2026-09-16T11:28:45,23226.8,23227.5,23224.65,23225.4
1789538340,2026-09-16T11:29:00,23225.3,23227.35,23225.1,23225.95
1789538355,2026-09-16T11:29:15,23225.95,23226.2,23224.6,23225.35
1789538370,2026-09-16T11:29:30,23225.2,23226.55,23223.9,23224.3
1789538385,2026-09-16T11:29:45,23223.75,23223.75,23219.35,23220.25
1789538400,2026-09-16T11:30:00,23220.2,23224.85,23219.95,23224.75
1789538415,2026-09-16T11:30:15,23224.6,23230.6,23223.2,23230.6
1789538430,2026-09-16T11:30:30,23230.35,23233.45,23229.5,23232.65
1789538445,2026-09-16T11:30:45,23232.15,23232.45,23228.75,23229.8
1789538460,2026-09-16T11:31:00,23229.55,23234.25,23228.1,23231.4
1789538475,2026-09-16T11:31:15,23231.75,23233.5,23230.15,23230.65
1789538490,2026-09-16T11:31:30,23230.45,23230.5,23226.85,23228.25
1789538505,2026-09-16T11:31:45,23228.05,23230.85,23226.9,23230.85
1789538520,2026-09-16T11:32:00,23230.8,23234,23230.4,23231.9
1789538535,2026-09-16T11:32:15,23232.1,23232.1,23229.8,23231.2
1789538550,2026-09-16T11:32:30,23231.3,23238.05,23230.75,23236.8
1789538565,2026-09-16T11:32:45,23236.85,23238.45,23235.65,23237.15
1789538580,2026-09-16T11:33:00,23237,23241.45,23235.45,23238.8
1789538595,2026-09-16T11:33:15,23239.35,23239.95,23237.15,23238.15
1789538610,2026-09-16T11:33:30,23237.55,23240.35,23236.15,23236.45
1789538625,2026-09-16T11:33:45,23236.35,23236.55,23232.45,23233.4
1789538640,2026-09-16T11:34:00,23233.4,23235.05,23232.35,23234.5
1789538655,2026-09-16T11:34:15,23234.65,23235.25,23230.7,23232.7
1789538670,2026-09-16T11:34:30,23232.65,23232.75,23226.95,23227.95
1789538685,2026-09-16T11:34:45,23227.65,23228.05,23224.8,23226.3
1789538700,2026-09-16T11:35:00,23226.4,23231.35,23225.8,23229.65
1789538715,2026-09-16T11:35:15,23229.35,23230.1,23225.2,23225.3
1789538730,2026-09-16T11:35:30,23225.1,23227.35,23222.9,23225.9
1789538745,2026-09-16T11:35:45,23225.75,23227.7,23224.45,23226.2
1789538760,2026-09-16T11:36:00,23226.1,23227.7,23224.7,23225.45
1789538775,2026-09-16T11:36:15,23225.35,23225.8,23223.15,23223.5
1789538790,2026-09-16T11:36:30,23223.65,23226.1,23222.8,23225.8
1789538805,2026-09-16T11:36:45,23226.8,23226.95,23224.25,23226.15
1789538820,2026-09-16T11:37:00,23226.25,23226.25,23222.6,23222.85
1789538835,2026-09-16T11:37:15,23223.4,23223.4,23220.75,23222.2
1789538850,2026-09-16T11:37:30,23222.35,23224.45,23221.6,23223.4
1789538865,2026-09-16T11:37:45,23223.5,23227.95,23223.5,23227.2
1789538880,2026-09-16T11:38:00,23227.3,23239.85,23227.25,23238.25
1789538895,2026-09-16T11:38:15,23237.9,23245.4,23237.35,23243.05
1789538910,2026-09-16T11:38:30,23244.8,23244.8,23239.85,23243.35
1789538925,2026-09-16T11:38:45,23243.2,23243.2,23236.7,23236.7
1789538940,2026-09-16T11:39:00,23236.8,23239.65,23236.3,23237.2
1789538955,2026-09-16T11:39:15,23237.1,23237.3,23232.55,23232.7
1789538970,2026-09-16T11:39:30,23232.75,23235.4,23232.75,23234.4
1789538985,2026-09-16T11:39:45,23234.35,23234.85,23232.8,23234.5
1789539000,2026-09-16T11:40:00,23233.9,23233.9,23231,23231.4
1789539015,2026-09-16T11:40:15,23231.5,23233.9,23231.15,23233
1789539030,2026-09-16T11:40:30,23232.9,23239.6,23231.4,23237.6
1789539045,2026-09-16T11:40:45,23236.8,23238.8,23235.9,23238.8
1789539060,2026-09-16T11:41:00,23238.75,23238.95,23236.65,23237.3
1789539075,2026-09-16T11:41:15,23237.35,23237.75,23234.2,23235.05
1789539090,2026-09-16T11:41:30,23234.95,23234.95,23232,23232
1789539105,2026-09-16T11:41:45,23232.05,23233.8,23231.4,23233.25
1789539120,2026-09-16T11:42:00,23233.45,23235.15,23231.75,23234.45
1789539135,2026-09-16T11:42:15,23234.35,23234.75,23232.35,23234
1789539150,2026-09-16T11:42:30,23234.05,23236.5,23233.5,23234.85
1789539165,2026-09-16T11:42:45,23234.85,23235.3,23230.65,23232.4
1789539180,2026-09-16T11:43:00,23232.35,23237.25,23231.9,23235.85
1789539195,2026-09-16T11:43:15,23235.9,23236.65,23234.4,23236.3
1789539210,2026-09-16T11:43:30,23236.3,23237.55,23235.15,23235.95
1789539225,2026-09-16T11:43:45,23236.25,23236.25,23234.5,23235.35
1789539240,2026-09-16T11:44:00,23235,23237.25,23234.7,23236.35
1789539255,2026-09-16T11:44:15,23236.3,23236.4,23233.75,23234.65
1789539270,2026-09-16T11:44:30,23234.6,23236.1,23232.8,23235.25
1789539285,2026-09-16T11:44:45,23235.5,23236.1,23233.35,23233.65
1789539300,2026-09-16T11:45:00,23233.55,23234.7,23232.35,23232.85
1789539315,2026-09-16T11:45:15,23232.75,23233,23230.55,23231.55
1789539330,2026-09-16T11:45:30,23231.4,23232.95,23229.75,23230.45
1789539345,2026-09-16T11:45:45,23230.55,23230.9,23227.95,23228
1789539360,2026-09-16T11:46:00,23227.95,23229.45,23226.3,23227.45
1789539375,2026-09-16T11:46:15,23227.15,23228.15,23226.05,23226.95
1789539390,2026-09-16T11:46:30,23227.15,23229.6,23226.3,23228
1789539405,2026-09-16T11:46:45,23227.7,23229.1,23226.95,23227.45
1789539420,2026-09-16T11:47:00,23227.2,23227.6,23225.8,23226.2
1789539435,2026-09-16T11:47:15,23226.2,23226.3,23224.1,23224.1
1789539450,2026-09-16T11:47:30,23224.1,23227,23223.15,23224.5
1789539465,2026-09-16T11:47:45,23224.6,23225.7,23223.45,23224.2
1789539480,2026-09-16T11:48:00,23224.2,23225.35,23223.45,23223.75
1789539495,2026-09-16T11:48:15,23223.65,23224.75,23222.45,23224.35
1789539510,2026-09-16T11:48:30,23224.4,23225.95,23223.55,23224.7
1789539525,2026-09-16T11:48:45,23224.75,23225.1,23222.9,23224.65
1789539540,2026-09-16T11:49:00,23224.85,23229.75,23223.65,23228.05
1789539555,2026-09-16T11:49:15,23227.65,23229.9,23226.95,23228.65
1789539570,2026-09-16T11:49:30,23229,23230.05,23226.25,23226.25
1789539585,2026-09-16T11:49:45,23226.15,23227.65,23224.75,23226.3
1789539600,2026-09-16T11:50:00,23226.3,23228.2,23225.3,23228
1789539615,2026-09-16T11:50:15,23228.05,23235.45,23227.8,23235.1
1789539630,2026-09-16T11:50:30,23234.8,23242.75,23234.7,23241
1789539645,2026-09-16T11:50:45,23241.15,23241.6,23238.75,23238.8
1789539660,2026-09-16T11:51:00,23238.7,23242.05,23238.7,23241.3
1789539675,2026-09-16T11:51:15,23241.05,23241.4,23238.4,23239.2
1789539690,2026-09-16T11:51:30,23238.95,23239.7,23235.2,23235.9
1789539705,2026-09-16T11:51:45,23235.75,23236.65,23234.25,23235.8
1789539720,2026-09-16T11:52:00,23235.85,23239.1,23235.75,23237.35
1789539735,2026-09-16T11:52:15,23237.15,23237.15,23230.2,23230.85
1789539750,2026-09-16T11:52:30,23230.7,23230.75,23228.25,23229.2
1789539765,2026-09-16T11:52:45,23229.15,23230.15,23227.3,23228.6
1789539780,2026-09-16T11:53:00,23228.4,23229.5,23227.2,23227.5
1789539795,2026-09-16T11:53:15,23227.6,23228,23224.9,23226.4
1789539810,2026-09-16T11:53:30,23226.4,23227.25,23223.5,23224.75
1789539825,2026-09-16T11:53:45,23224.7,23227.1,23223.35,23226.65
1789539840,2026-09-16T11:54:00,23226.8,23229.2,23226.2,23228.15
1789539855,2026-09-16T11:54:15,23227.95,23229.2,23226.7,23228.5
1789539870,2026-09-16T11:54:30,23228.15,23230.3,23227.75,23228.4
1789539885,2026-09-16T11:54:45,23228.15,23228.8,23226.25,23226.7
1789539900,2026-09-16T11:55:00,23226.6,23227.6,23225.95,23226.7
1789539915,2026-09-16T11:55:15,23226.95,23226.95,23224.95,23225.8
1789539930,2026-09-16T11:55:30,23225.5,23228.05,23225.15,23227.05
1789539945,2026-09-16T11:55:45,23226.9,23226.95,23225,23226
1789539960,2026-09-16T11:56:00,23226.35,23227.2,23224.25,23224.5
1789539975,2026-09-16T11:56:15,23224.5,23224.95,23215.15,23215.4
1789539990,2026-09-16T11:56:30,23215.35,23217,23214.55,23214.55
1789540005,2026-09-16T11:56:45,23214.6,23216.85,23214.6,23216.85
1789540020,2026-09-16T11:57:00,23216.55,23219.55,23216.3,23217.15
1789540035,2026-09-16T11:57:15,23217.1,23218.35,23215.2,23218.25
1789540050,2026-09-16T11:57:30,23217.8,23219.95,23216.95,23217.95
1789540065,2026-09-16T11:57:45,23218.2,23218.25,23216.1,23217.15
1789540080,2026-09-16T11:58:00,23217.5,23218,23215.45,23216.3
1789540095,2026-09-16T11:58:15,23216.35,23219.65,23215.55,23219.4
1789540110,2026-09-16T11:58:30,23219.4,23219.4,23213.85,23215.6
1789540125,2026-09-16T11:58:45,23215.55,23218.9,23215.25,23217.1
1789540140,2026-09-16T11:59:00,23216.55,23218.85,23215.9,23217.6
1789540155,2026-09-16T11:59:15,23217.55,23217.9,23216.4,23217.05
1789540170,2026-09-16T11:59:30,23217,23218.6,23216.05,23217.75
1789540185,2026-09-16T11:59:45,23217.65,23218.3,23213.7,23214.85
1789540200,2026-09-16T12:00:00,23215.95,23220.1,23214.6,23218.85
1789540215,2026-09-16T12:00:15,23218.95,23219.85,23218.1,23219.5
1789540230,2026-09-16T12:00:30,23219.2,23220.85,23218.35,23219.15
1789540245,2026-09-16T12:00:45,23219.15,23219.4,23217.5,23218.05
1789540260,2026-09-16T12:01:00,23218,23219.55,23217.55,23218.6
1789540275,2026-09-16T12:01:15,23218.85,23219.35,23216.9,23216.95
1789540290,2026-09-16T12:01:30,23217.1,23218.95,23216.3,23216.75
1789540305,2026-09-16T12:01:45,23216.55,23218.5,23216.35,23218.15
1789540320,2026-09-16T12:02:00,23217.95,23218.45,23212.5,23212.8
1789540335,2026-09-16T12:02:15,23212.7,23212.7,23207.8,23208.2
1789540350,2026-09-16T12:02:30,23208.1,23210.55,23206.75,23210.55
1789540365,2026-09-16T12:02:45,23210.25,23211.6,23208.2,23210
1789540380,2026-09-16T12:03:00,23210.1,23212.5,23209.85,23211.55
1789540395,2026-09-16T12:03:15,23211.5,23211.6,23206.2,23207.9
1789540410,2026-09-16T12:03:30,23207.85,23210.5,23206.7,23209.25
1789540425,2026-09-16T12:03:45,23209.15,23210.55,23208.55,23209.45
1789540440,2026-09-16T12:04:00,23209.5,23213.65,23209.3,23212.65
1789540455,2026-09-16T12:04:15,23212.55,23214.15,23211.9,23213.85
1789540470,2026-09-16T12:04:30,23214.1,23214.4,23212.15,23212.9
1789540485,2026-09-16T12:04:45,23213,23213.8,23211.55,23213.05
1789540500,2026-09-16T12:05:00,23213,23215.8,23212.65,23214.75
1789540515,2026-09-16T12:05:15,23215,23216.7,23214.25,23215.95
1789540530,2026-09-16T12:05:30,23215.95,23217.75,23215.5,23216.65
1789540545,2026-09-16T12:05:45,23216.8,23218.6,23216.35,23218.3
1789540560,2026-09-16T12:06:00,23218.1,23223.15,23217.65,23221.85
1789540575,2026-09-16T12:06:15,23221.95,23222.95,23220.75,23221.9
1789540590,2026-09-16T12:06:30,23221.95,23224.75,23221.15,23223.7
1789540605,2026-09-16T12:06:45,23223.7,23224.15,23221.2,23221.25
1789540620,2026-09-16T12:07:00,23221.35,23223.95,23221.35,23223.65
1789540635,2026-09-16T12:07:15,23223.6,23226.95,23223.35,23226
1789540650,2026-09-16T12:07:30,23225.75,23229.75,23225.75,23228.4
1789540665,2026-09-16T12:07:45,23228.5,23230.3,23227.95,23229.9
1789540680,2026-09-16T12:08:00,23229.25,23230.85,23228.4,23229.5
1789540695,2026-09-16T12:08:15,23229.3,23230.95,23227.9,23228.45
1789540710,2026-09-16T12:08:30,23228.35,23228.9,23225.8,23226.65
1789540725,2026-09-16T12:08:45,23226.7,23227.2,23224.1,23224.3
1789540740,2026-09-16T12:09:00,23224.2,23224.35,23222.25,23223.2
1789540755,2026-09-16T12:09:15,23223.05,23224.2,23221.85,23223.25
1789540770,2026-09-16T12:09:30,23223.2,23223.5,23220.5,23221.55
1789540785,2026-09-16T12:09:45,23221.65,23223.4,23220.65,23223.25
1789540800,2026-09-16T12:10:00,23223.3,23231.7,23222.5,23230.05
1789540815,2026-09-16T12:10:15,23229.95,23233.2,23227.95,23232.3
1789540830,2026-09-16T12:10:30,23232.45,23234,23231.3,23233.5
1789540845,2026-09-16T12:10:45,23233.5,23234.2,23231.95,23234.15
1789540860,2026-09-16T12:11:00,23234,23239.1,23233.45,23233.7
1789540875,2026-09-16T12:11:15,23233.7,23235.85,23231.7,23231.75
1789540890,2026-09-16T12:11:30,23231.6,23234.85,23231.5,23232.65
1789540905,2026-09-16T12:11:45,23232.8,23234.7,23231.7,23232.25
1789540920,2026-09-16T12:12:00,23232.2,23234.5,23231.85,23233.7
1789540935,2026-09-16T12:12:15,23233.75,23235.45,23232,23234.65
1789540950,2026-09-16T12:12:30,23234.5,23235.25,23231.3,23231.7
1789540965,2026-09-16T12:12:45,23232.05,23232.05,23230.1,23230.65
1789540980,2026-09-16T12:13:00,23230.6,23236.35,23229.95,23235.95
1789540995,2026-09-16T12:13:15,23235.75,23239.6,23235.7,23239
1789541010,2026-09-16T12:13:30,23238.6,23242.2,23237.7,23240.15
1789541025,2026-09-16T12:13:45,23240.1,23246.85,23239.35,23246.75
1789541040,2026-09-16T12:14:00,23246.75,23246.85,23242.8,23243.85
1789541055,2026-09-16T12:14:15,23243.9,23244.85,23237.95,23238.2
1789541070,2026-09-16T12:14:30,23238.4,23239.75,23235.3,23236.05
1789541085,2026-09-16T12:14:45,23236,23237,23233,23233.05
1789541100,2026-09-16T12:15:00,23232.85,23233.15,23228.25,23228.95
1789541115,2026-09-16T12:15:15,23228.9,23229.4,23226.2,23226.2
1789541130,2026-09-16T12:15:30,23226.4,23227.25,23223.8,23223.8
1789541145,2026-09-16T12:15:45,23224.5,23225.45,23220.55,23223
1789541160,2026-09-16T12:16:00,23223.05,23224.65,23222.4,23222.75
1789541175,2026-09-16T12:16:15,23222.8,23224.4,23221.45,23223.55
1789541190,2026-09-16T12:16:30,23224.35,23230.05,23224.35,23229.3
1789541205,2026-09-16T12:16:45,23229.65,23234.1,23229.6,23232.8
1789541220,2026-09-16T12:17:00,23232.75,23235.45,23232.35,23234.45
1789541235,2026-09-16T12:17:15,23234.1,23245.75,23233.55,23243.05
1789541250,2026-09-16T12:17:30,23243.1,23246.05,23241.95,23245.75
1789541265,2026-09-16T12:17:45,23245.35,23246.8,23241.55,23242.05
1789541280,2026-09-16T12:18:00,23242,23242,23238.75,23238.75
1789541295,2026-09-16T12:18:15,23238.85,23239.4,23235.95,23236.45
1789541310,2026-09-16T12:18:30,23236.55,23240.9,23236.55,23239.8
1789541325,2026-09-16T12:18:45,23240.55,23240.95,23238.7,23240.1
1789541340,2026-09-16T12:19:00,23240.35,23242.1,23239.35,23239.8
1789541355,2026-09-16T12:19:15,23239.95,23242,23239.3,23240.75
1789541370,2026-09-16T12:19:30,23240.85,23242.9,23240.3,23241.5
1789541385,2026-09-16T12:19:45,23241.95,23241.95,23239.3,23240.4
1789541400,2026-09-16T12:20:00,23240.3,23241.05,23239.1,23239.2
1789541415,2026-09-16T12:20:15,23239.05,23239.75,23236.65,23237.05
1789541430,2026-09-16T12:20:30,23237.25,23239.9,23236.05,23236.15
1789541445,2026-09-16T12:20:45,23235.8,23235.8,23230.9,23232.4
1789541460,2026-09-16T12:21:00,23232.3,23236.1,23232.3,23236.1
1789541475,2026-09-16T12:21:15,23236.2,23236.7,23234.25,23234.6
1789541490,2026-09-16T12:21:30,23234.65,23236.65,23232.8,23234.05
1789541505,2026-09-16T12:21:45,23233.75,23235.9,23233.5,23234.8
1789541520,2026-09-16T12:22:00,23234.7,23235.55,23233.7,23234.65
1789541535,2026-09-16T12:22:15,23234.75,23237.5,23234.7,23235.75
1789541550,2026-09-16T12:22:30,23236,23237.45,23234.9,23236.1
1789541565,2026-09-16T12:22:45,23236.4,23238.65,23234.05,23237.1
1789541580,2026-09-16T12:23:00,23237.05,23240.1,23237.05,23238.3
1789541595,2026-09-16T12:23:15,23238.3,23241.75,23237.5,23238.85
1789541610,2026-09-16T12:23:30,23239,23240.5,23236.9,23238.05
1789541625,2026-09-16T12:23:45,23237.6,23240.95,23237.6,23240.15
1789541640,2026-09-16T12:24:00,23239.75,23240.4,23235.95,23236.75
1789541655,2026-09-16T12:24:15,23236.5,23238.25,23235,23236.6
1789541670,2026-09-16T12:24:30,23236.85,23238.7,23236.6,23237.2
1789541685,2026-09-16T12:24:45,23236.95,23237.9,23235.9,23237.1
1789541700,2026-09-16T12:25:00,23237.1,23238.55,23236.7,23238.1
1789541715,2026-09-16T12:25:15,23238.05,23238.7,23236.1,23237.35
1789541730,2026-09-16T12:25:30,23237.6,23238.45,23235.6,23235.95
1789541745,2026-09-16T12:25:45,23235.8,23238.15,23235.6,23237.6
1789541760,2026-09-16T12:26:00,23237.6,23239.7,23237.3,23237.3
1789541775,2026-09-16T12:26:15,23237.5,23238.3,23234.85,23236.6
1789541790,2026-09-16T12:26:30,23236.7,23239.05,23236.2,23237.5
1789541805,2026-09-16T12:26:45,23237.65,23237.9,23235.1,23235.95
1789541820,2026-09-16T12:27:00,23235.95,23236.8,23233.65,23234.45
1789541835,2026-09-16T12:27:15,23234.45,23236.2,23231.75,23232.45
1789541850,2026-09-16T12:27:30,23232.45,23233,23230.05,23230.5
1789541865,2026-09-16T12:27:45,23230.75,23231.35,23228.15,23228.8
1789541880,2026-09-16T12:28:00,23228.1,23231.8,23227.8,23229.55
1789541895,2026-09-16T12:28:15,23229.25,23231.65,23227.8,23231.25
1789541910,2026-09-16T12:28:30,23231.45,23235.85,23230.95,23233.4
1789541925,2026-09-16T12:28:45,23233.7,23237.25,23233.25,23236.7
1789541940,2026-09-16T12:29:00,23236.75,23237.45,23234,23234.2
1789541955,2026-09-16T12:29:15,23234.4,23238.05,23234.25,23235.1
1789541970,2026-09-16T12:29:30,23235.05,23237,23234.05,23235.7
1789541985,2026-09-16T12:29:45,23235.7,23236.2,23233.6,23234.15
1789542000,2026-09-16T12:30:00,23234.4,23238,23234.4,23236.95
1789542015,2026-09-16T12:30:15,23236.7,23237.25,23234.15,23235.5
1789542030,2026-09-16T12:30:30,23235.6,23237.65,23234.25,23236.75
1789542045,2026-09-16T12:30:45,23236.65,23238.3,23234.95,23236.2
1789542060,2026-09-16T12:31:00,23236.3,23239.3,23235.8,23238.5
1789542075,2026-09-16T12:31:15,23238.6,23240.05,23238.5,23238.6
1789542090,2026-09-16T12:31:30,23238.65,23243,23238,23241.95
1789542105,2026-09-16T12:31:45,23241.95,23247.55,23241.95,23246.6
1789542120,2026-09-16T12:32:00,23246.7,23249.45,23246.45,23248.55
1789542135,2026-09-16T12:32:15,23248.2,23250.1,23247.2,23248.65
1789542150,2026-09-16T12:32:30,23249.05,23251.15,23248.5,23248.7
1789542165,2026-09-16T12:32:45,23248.5,23249.7,23248.4,23249.1
1789542180,2026-09-16T12:33:00,23248.85,23253.8,23247.75,23252.65
1789542195,2026-09-16T12:33:15,23252.5,23260.5,23252.25,23260.25
1789542210,2026-09-16T12:33:30,23260.45,23262.8,23259,23262.8
1789542225,2026-09-16T12:33:45,23262.7,23264.45,23259.45,23260.1
1789542240,2026-09-16T12:34:00,23259.95,23260.5,23257.3,23259.2
1789542255,2026-09-16T12:34:15,23259.3,23259.8,23257.3,23257.75
1789542270,2026-09-16T12:34:30,23257.85,23258.35,23250.05,23250.35
1789542285,2026-09-16T12:34:45,23250.65,23251.65,23249.25,23250.25
1789542300,2026-09-16T12:35:00,23249.9,23255.85,23249.55,23254.75
1789542315,2026-09-16T12:35:15,23254.85,23257.95,23254.15,23257.95
1789542330,2026-09-16T12:35:30,23258,23260,23257.15,23258.35
1789542345,2026-09-16T12:35:45,23258.35,23260.15,23257.8,23259.3
1789542360,2026-09-16T12:36:00,23259.1,23259.6,23255.25,23256.25
1789542375,2026-09-16T12:36:15,23256.25,23256.5,23248.55,23249.15
1789542390,2026-09-16T12:36:30,23249.1,23252.1,23247.35,23248.4
1789542405,2026-09-16T12:36:45,23249.7,23251.05,23248.4,23250.6
1789542420,2026-09-16T12:37:00,23250.75,23250.75,23248,23249.4
1789542435,2026-09-16T12:37:15,23249.2,23249.5,23246.1,23246.6
1789542450,2026-09-16T12:37:30,23246.6,23247.75,23245,23245.4
1789542465,2026-09-16T12:37:45,23245.25,23245.85,23243.9,23245.4
1789542480,2026-09-16T12:38:00,23245.25,23248.3,23244.5,23247.8
1789542495,2026-09-16T12:38:15,23247.8,23250.2,23246.8,23249.6
1789542510,2026-09-16T12:38:30,23249.6,23249.95,23247.4,23248.25
1789542525,2026-09-16T12:38:45,23248.35,23249.5,23247.4,23249
1789542540,2026-09-16T12:39:00,23248.85,23250.5,23248.05,23249.15
1789542555,2026-09-16T12:39:15,23249.2,23249.6,23247.75,23247.95
1789542570,2026-09-16T12:39:30,23248.1,23249.05,23246.05,23246.6
1789542585,2026-09-16T12:39:45,23246.7,23246.85,23244.35,23246.35
1789542600,2026-09-16T12:40:00,23246.9,23247.7,23244.45,23244.45
1789542615,2026-09-16T12:40:15,23244.6,23246.85,23243.8,23246.4
1789542630,2026-09-16T12:40:30,23246.45,23250.05,23246.15,23249.4
1789542645,2026-09-16T12:40:45,23249.2,23249.75,23247.25,23248.35
1789542660,2026-09-16T12:41:00,23248.2,23250.55,23247.6,23248.2
1789542675,2026-09-16T12:41:15,23248,23249.75,23247.95,23248.35
1789542690,2026-09-16T12:41:30,23248.15,23249.55,23246.1,23247.25
1789542705,2026-09-16T12:41:45,23247.45,23247.45,23245.5,23245.75
1789542720,2026-09-16T12:42:00,23245.85,23247.4,23245.15,23247.3
1789542735,2026-09-16T12:42:15,23247.2,23247.55,23245.6,23246.7
1789542750,2026-09-16T12:42:30,23246.8,23247.6,23245.5,23246.4
1789542765,2026-09-16T12:42:45,23246.55,23247.15,23244.2,23245.55
1789542780,2026-09-16T12:43:00,23245.55,23252.9,23245.45,23252.9
1789542795,2026-09-16T12:43:15,23252.3,23256.35,23251.3,23256.05
1789542810,2026-09-16T12:43:30,23255.8,23259.7,23255.15,23259.25
1789542825,2026-09-16T12:43:45,23259.45,23259.95,23256.85,23257.35
1789542840,2026-09-16T12:44:00,23257.7,23259.8,23257,23258.25
1789542855,2026-09-16T12:44:15,23258.4,23260.35,23257.1,23259.3
1789542870,2026-09-16T12:44:30,23259.05,23260.05,23257.85,23258.5
1789542885,2026-09-16T12:44:45,23258.45,23259.55,23257.15,23258.6
1789542900,2026-09-16T12:45:00,23258.65,23259.05,23255.2,23255.7
1789542915,2026-09-16T12:45:15,23255.45,23255.95,23251.85,23253.75
1789542930,2026-09-16T12:45:30,23253.4,23256.4,23251.8,23253.15
1789542945,2026-09-16T12:45:45,23252.95,23254.25,23248.3,23248.9
1789542960,2026-09-16T12:46:00,23249.05,23251.15,23244.6,23245.4
1789542975,2026-09-16T12:46:15,23245.7,23247.7,23245.55,23247.7
1789542990,2026-09-16T12:46:30,23248.05,23249.45,23246.1,23248.6
1789543005,2026-09-16T12:46:45,23248.9,23250.3,23248.05,23249.35
1789543020,2026-09-16T12:47:00,23249.4,23254.05,23249,23252.55
1789543035,2026-09-16T12:47:15,23252.3,23254.4,23251.3,23253.05
1789543050,2026-09-16T12:47:30,23253.1,23254.5,23252.55,23254.35
1789543065,2026-09-16T12:47:45,23254.3,23254.75,23251.2,23254.05
1789543080,2026-09-16T12:48:00,23254.15,23256.05,23253.55,23255
1789543095,2026-09-16T12:48:15,23255.1,23255.95,23253.25,23253.65
1789543110,2026-09-16T12:48:30,23253.9,23254.8,23252.95,23254.3
1789543125,2026-09-16T12:48:45,23254.15,23254.45,23251.1,23253
1789543140,2026-09-16T12:49:00,23252.9,23253.9,23250.45,23251.55
1789543155,2026-09-16T12:49:15,23251.5,23254.8,23251.2,23254.4
1789543170,2026-09-16T12:49:30,23254.4,23255.35,23252.4,23254.4
1789543185,2026-09-16T12:49:45,23254,23255,23252.8,23253.75
1789543200,2026-09-16T12:50:00,23253.9,23254.4,23252.25,23252.35
1789543215,2026-09-16T12:50:15,23252.05,23253.4,23250.15,23251.3
1789543230,2026-09-16T12:50:30,23251.75,23252.6,23250.9,23251.55
1789543245,2026-09-16T12:50:45,23251.5,23251.85,23250.05,23251.4
1789543260,2026-09-16T12:51:00,23251.2,23251.65,23249.55,23250.65
1789543275,2026-09-16T12:51:15,23250.7,23251.05,23249,23250.2
1789543290,2026-09-16T12:51:30,23250.2,23252.7,23249.6,23250.4
1789543305,2026-09-16T12:51:45,23249.8,23252.3,23248.75,23249.7
1789543320,2026-09-16T12:52:00,23249.75,23250.35,23246.8,23248.1
1789543335,2026-09-16T12:52:15,23248.2,23249.6,23247.2,23248.35
1789543350,2026-09-16T12:52:30,23248.5,23250.5,23247.75,23248.95
1789543365,2026-09-16T12:52:45,23249.1,23250.2,23247.2,23247.65
1789543380,2026-09-16T12:53:00,23247.75,23251.75,23247.4,23250.9
1789543395,2026-09-16T12:53:15,23250.75,23253.15,23250.7,23252.1
1789543410,2026-09-16T12:53:30,23252.2,23255.95,23251.2,23254.9
1789543425,2026-09-16T12:53:45,23255.25,23256.45,23253.5,23255.2
1789543440,2026-09-16T12:54:00,23255.25,23257.15,23253.9,23256.3
1789543455,2026-09-16T12:54:15,23256.35,23257.2,23254.2,23256
1789543470,2026-09-16T12:54:30,23256.05,23257,23254.05,23254.05
1789543485,2026-09-16T12:54:45,23255.5,23256,23251.95,23253.5
1789543500,2026-09-16T12:55:00,23253.3,23256.2,23252.8,23254.75
1789543515,2026-09-16T12:55:15,23255.25,23255.45,23252.5,23254.4
1789543530,2026-09-16T12:55:30,23254.2,23254.75,23252.15,23252.9
1789543545,2026-09-16T12:55:45,23253,23253.4,23250.55,23252.3
1789543560,2026-09-16T12:56:00,23252.05,23255.85,23252,23255.75
1789543575,2026-09-16T12:56:15,23255.8,23257.75,23255,23257.1
1789543590,2026-09-16T12:56:30,23257.2,23258.8,23254.35,23255.3
1789543605,2026-09-16T12:56:45,23255.35,23255.4,23252.85,23254.7
1789543620,2026-09-16T12:57:00,23254.6,23258.25,23253.8,23258
1789543635,2026-09-16T12:57:15,23257.2,23257.75,23254.15,23255.05
1789543650,2026-09-16T12:57:30,23255.2,23255.65,23252.15,23253.75
1789543665,2026-09-16T12:57:45,23253.8,23256,23251.2,23255.4
1789543680,2026-09-16T12:58:00,23255.75,23257.25,23254,23254
1789543695,2026-09-16T12:58:15,23254.05,23255.15,23249.35,23249.95
1789543710,2026-09-16T12:58:30,23249.75,23251.1,23248.75,23249.3
1789543725,2026-09-16T12:58:45,23248.6,23249.55,23246.3,23248
1789543740,2026-09-16T12:59:00,23247.95,23249.9,23246.9,23248.55
1789543755,2026-09-16T12:59:15,23248.75,23249.3,23247.75,23248.75
1789543770,2026-09-16T12:59:30,23248.4,23249.75,23247.2,23247.45
1789543785,2026-09-16T12:59:45,23247.7,23247.85,23241.75,23242.1
1789543800,2026-09-16T13:00:00,23242.8,23243.9,23240.55,23242.25
1789543815,2026-09-16T13:00:15,23242.55,23244.75,23241.9,23244.4
1789543830,2026-09-16T13:00:30,23244.25,23246.05,23243.05,23245.45
1789543845,2026-09-16T13:00:45,23245.15,23247.25,23244.4,23246.75
1789543860,2026-09-16T13:01:00,23246.45,23251.15,23245.45,23250.8
1789543875,2026-09-16T13:01:15,23250.85,23252.7,23250.1,23251.65
1789543890,2026-09-16T13:01:30,23251.6,23252.55,23249.95,23251.05
1789543905,2026-09-16T13:01:45,23251.15,23251.65,23246.9,23247.6
1789543920,2026-09-16T13:02:00,23247.55,23250.85,23246.7,23249.6
1789543935,2026-09-16T13:02:15,23249.5,23251.75,23247.55,23248.75
1789543950,2026-09-16T13:02:30,23248.75,23251.3,23248.25,23250.05
1789543965,2026-09-16T13:02:45,23250.25,23250.7,23248.1,23249.3
1789543980,2026-09-16T13:03:00,23249.55,23250.4,23247.2,23249.9
1789543995,2026-09-16T13:03:15,23249.85,23250.05,23248.15,23248.6
1789544010,2026-09-16T13:03:30,23248.7,23249.75,23246.6,23247.3
1789544025,2026-09-16T13:03:45,23247.2,23248.8,23246.2,23247.9
1789544040,2026-09-16T13:04:00,23247.95,23252.65,23247.4,23251.25
1789544055,2026-09-16T13:04:15,23251.25,23252.3,23250.05,23251.05
1789544070,2026-09-16T13:04:30,23251.1,23257.5,23251.1,23256.35
1789544085,2026-09-16T13:04:45,23256.25,23256.7,23254.5,23255.95
1789544100,2026-09-16T13:05:00,23255.8,23259.85,23255.55,23257.75
1789544115,2026-09-16T13:05:15,23257.65,23258.3,23255.8,23255.95
1789544130,2026-09-16T13:05:30,23255.95,23257.4,23254.75,23256.65
1789544145,2026-09-16T13:05:45,23256.65,23259.55,23255.05,23258.7
1789544160,2026-09-16T13:06:00,23258.65,23263.9,23257.65,23263.15
1789544175,2026-09-16T13:06:15,23263.05,23263.5,23257.7,23259.05
1789544190,2026-09-16T13:06:30,23258.95,23260.1,23257.6,23259.8
1789544205,2026-09-16T13:06:45,23259.3,23264.9,23258.65,23263.6
1789544220,2026-09-16T13:07:00,23263.5,23268,23262.75,23266.55
1789544235,2026-09-16T13:07:15,23266.2,23270.85,23264.8,23270.2
1789544250,2026-09-16T13:07:30,23269.1,23273.5,23268.85,23271.9
1789544265,2026-09-16T13:07:45,23271.85,23274.5,23270.45,23271.95
1789544280,2026-09-16T13:08:00,23273.8,23274.95,23271.5,23272.25
1789544295,2026-09-16T13:08:15,23272.25,23272.7,23270.5,23271.15
1789544310,2026-09-16T13:08:30,23271.15,23273.75,23270.5,23273.05
1789544325,2026-09-16T13:08:45,23272.85,23276.85,23271.7,23275.85
1789544340,2026-09-16T13:09:00,23275.7,23277.9,23275.7,23276.35
1789544355,2026-09-16T13:09:15,23276.35,23284.75,23276.35,23282.9
1789544370,2026-09-16T13:09:30,23282.75,23282.75,23276.85,23276.9
1789544385,2026-09-16T13:09:45,23276.45,23277.1,23272.75,23274.05
1789544400,2026-09-16T13:10:00,23274.25,23277.5,23273.9,23277.1
1789544415,2026-09-16T13:10:15,23277.05,23277.75,23275.3,23277.4
1789544430,2026-09-16T13:10:30,23277.3,23278.1,23275,23276.25
1789544445,2026-09-16T13:10:45,23276.1,23276.8,23274.65,23275.4
1789544460,2026-09-16T13:11:00,23275.3,23277.75,23273.65,23276.95
1789544475,2026-09-16T13:11:15,23276.7,23277.65,23275,23276.95
1789544490,2026-09-16T13:11:30,23277,23278.15,23275.1,23276.1
1789544505,2026-09-16T13:11:45,23276.65,23276.95,23267.2,23267.45
1789544520,2026-09-16T13:12:00,23267.15,23268.25,23265.2,23265.7
1789544535,2026-09-16T13:12:15,23265.85,23268.1,23264.5,23266.1
1789544550,2026-09-16T13:12:30,23266.05,23267.7,23264.5,23266.3
1789544565,2026-09-16T13:12:45,23266.4,23267.7,23264.85,23265.35
1789544580,2026-09-16T13:13:00,23265.45,23267.45,23265.15,23266.2
1789544595,2026-09-16T13:13:15,23266.1,23266.45,23262.35,23263.05
1789544610,2026-09-16T13:13:30,23263.05,23264.75,23261.85,23263.85
1789544625,2026-09-16T13:13:45,23263.75,23264.35,23261.4,23261.95
1789544640,2026-09-16T13:14:00,23262.05,23263.7,23260.3,23260.95
1789544655,2026-09-16T13:14:15,23260.95,23260.95,23258.75,23258.75
1789544670,2026-09-16T13:14:30,23258.6,23259.7,23256.85,23259.4
1789544685,2026-09-16T13:14:45,23259.4,23259.55,23257.25,23258.7
1789544700,2026-09-16T13:15:00,23258.4,23258.7,23255.95,23256.1
1789544715,2026-09-16T13:15:15,23256.1,23256.35,23254.05,23255.8
1789544730,2026-09-16T13:15:30,23255.7,23256.4,23253.15,23253.45
1789544745,2026-09-16T13:15:45,23253.55,23256.55,23253.35,23254.45
1789544760,2026-09-16T13:16:00,23254.4,23257.1,23254,23255.85
1789544775,2026-09-16T13:16:15,23255.65,23256.75,23253.35,23256.35
1789544790,2026-09-16T13:16:30,23256.35,23259.05,23254.55,23258.1
1789544805,2026-09-16T13:16:45,23258.2,23260.05,23255.15,23255.15
1789544820,2026-09-16T13:17:00,23255.1,23256.35,23252.35,23255.8
1789544835,2026-09-16T13:17:15,23255.8,23259.05,23254.3,23258.75
1789544850,2026-09-16T13:17:30,23258.8,23261.25,23258.35,23260.45
1789544865,2026-09-16T13:17:45,23260.4,23261.3,23259.75,23260.6
1789544880,2026-09-16T13:18:00,23260.45,23263.85,23260.45,23262.5
1789544895,2026-09-16T13:18:15,23262.4,23264.65,23261.9,23263.7
1789544910,2026-09-16T13:18:30,23263.9,23264.85,23262.75,23263.1
1789544925,2026-09-16T13:18:45,23262.95,23264.45,23262.3,23263.9
1789544940,2026-09-16T13:19:00,23263.85,23269.6,23263.3,23269.1
1789544955,2026-09-16T13:19:15,23269.05,23270.05,23268.45,23269.6
1789544970,2026-09-16T13:19:30,23269.45,23271.3,23268.75,23270.3
1789544985,2026-09-16T13:19:45,23269.95,23270.45,23268.7,23269.55
1789545000,2026-09-16T13:20:00,23269.25,23269.4,23264.3,23264.55
1789545015,2026-09-16T13:20:15,23264.55,23266.4,23263.25,23265.5
1789545030,2026-09-16T13:20:30,23265.2,23265.6,23260.65,23263.3
1789545045,2026-09-16T13:20:45,23263.25,23264.45,23261.3,23264.25
1789545060,2026-09-16T13:21:00,23264.15,23265.45,23262.85,23264
1789545075,2026-09-16T13:21:15,23263.9,23264.25,23262,23263.05
1789545090,2026-09-16T13:21:30,23263.05,23263.95,23261.7,23262.3
1789545105,2026-09-16T13:21:45,23262.75,23262.8,23260.35,23262.1
1789545120,2026-09-16T13:22:00,23261.6,23262.6,23259.95,23260.25
1789545135,2026-09-16T13:22:15,23260.15,23261.25,23258.5,23259.8
1789545150,2026-09-16T13:22:30,23259.65,23260.75,23257.45,23258.05
1789545165,2026-09-16T13:22:45,23258.25,23259.1,23257.55,23259.1
1789545180,2026-09-16T13:23:00,23259.1,23261,23258.3,23260.25
1789545195,2026-09-16T13:23:15,23260.2,23261.7,23259.35,23260.15
1789545210,2026-09-16T13:23:30,23260.15,23260.25,23257.85,23258.55
1789545225,2026-09-16T13:23:45,23258.5,23259.15,23250.6,23251.35
1789545240,2026-09-16T13:24:00,23251.6,23252.05,23249.8,23250.15
1789545255,2026-09-16T13:24:15,23250.05,23250.4,23246.15,23247.8
1789545270,2026-09-16T13:24:30,23247.8,23248.1,23245.3,23245.75
1789545285,2026-09-16T13:24:45,23245.6,23246.3,23244,23245
1789545300,2026-09-16T13:25:00,23244.75,23247.3,23243.9,23246.8
1789545315,2026-09-16T13:25:15,23246.85,23247.15,23244.9,23245.5
1789545330,2026-09-16T13:25:30,23245.5,23246.15,23243.95,23245.15
1789545345,2026-09-16T13:25:45,23245.85,23246.1,23244.1,23244.75
1789545360,2026-09-16T13:26:00,23244.9,23246.55,23244.05,23246.15
1789545375,2026-09-16T13:26:15,23246.25,23246.6,23243.45,23245.2
1789545390,2026-09-16T13:26:30,23244.35,23245.95,23242.5,23243.15
1789545405,2026-09-16T13:26:45,23242.85,23243.6,23241.3,23241.85
1789545420,2026-09-16T13:27:00,23242.1,23243.15,23240.6,23241.65
1789545435,2026-09-16T13:27:15,23241.65,23241.7,23238.3,23239.55
1789545450,2026-09-16T13:27:30,23239.45,23241.05,23237.85,23240.6
1789545465,2026-09-16T13:27:45,23240.3,23240.65,23237.5,23238.15
1789545480,2026-09-16T13:28:00,23238.1,23238.1,23233.1,23233.3
1789545495,2026-09-16T13:28:15,23233.05,23233.5,23229.75,23231.15
1789545510,2026-09-16T13:28:30,23230.45,23232,23229,23229.35
1789545525,2026-09-16T13:28:45,23228.8,23228.8,23223.55,23224.6
1789545540,2026-09-16T13:29:00,23223.85,23227.85,23223.4,23225.85
1789545555,2026-09-16T13:29:15,23225.8,23227.4,23223.6,23224.4
1789545570,2026-09-16T13:29:30,23224.3,23225.55,23223.1,23224.15
1789545585,2026-09-16T13:29:45,23224.1,23224.75,23220.6,23220.85
1789545600,2026-09-16T13:30:00,23220.8,23222.05,23220.15,23221.8
1789545615,2026-09-16T13:30:15,23222,23223.65,23221.3,23221.75
1789545630,2026-09-16T13:30:30,23221.55,23223.05,23221,23222.45
1789545645,2026-09-16T13:30:45,23222.45,23225.45,23221.9,23225.45
1789545660,2026-09-16T13:31:00,23225.45,23226.85,23223.95,23226.6
1789545675,2026-09-16T13:31:15,23226.55,23231.35,23226.55,23231.35
1789545690,2026-09-16T13:31:30,23231.25,23232.85,23230.6,23231.7
1789545705,2026-09-16T13:31:45,23231.35,23232.9,23229.95,23231.3
1789545720,2026-09-16T13:32:00,23231.3,23234.15,23230.75,23233.3
1789545735,2026-09-16T13:32:15,23233.3,23234.85,23232.4,23234.6
1789545750,2026-09-16T13:32:30,23234.6,23235.35,23233.1,23234.35
1789545765,2026-09-16T13:32:45,23234.15,23235.65,23232.55,23233.2
1789545780,2026-09-16T13:33:00,23233.25,23233.75,23230.2,23230.2
1789545795,2026-09-16T13:33:15,23230.35,23230.5,23228.15,23228.15
1789545810,2026-09-16T13:33:30,23228.05,23229.1,23226.55,23226.9
1789545825,2026-09-16T13:33:45,23226.8,23226.95,23225.75,23226.55
1789545840,2026-09-16T13:34:00,23226.25,23227.05,23223.8,23224.15
1789545855,2026-09-16T13:34:15,23224.05,23225.4,23220.15,23223
1789545870,2026-09-16T13:34:30,23223,23227.75,23221.95,23227.15
1789545885,2026-09-16T13:34:45,23227.05,23228.05,23225.4,23227.05
1789545900,2026-09-16T13:35:00,23227.2,23233,23226.7,23230.9
1789545915,2026-09-16T13:35:15,23230.7,23234.55,23230.3,23233.35
1789545930,2026-09-16T13:35:30,23233.45,23235.55,23233.35,23234.15
1789545945,2026-09-16T13:35:45,23234.1,23236.5,23233,23236
1789545960,2026-09-16T13:36:00,23235.85,23237.35,23235,23235.6
1789545975,2026-09-16T13:36:15,23235.6,23235.6,23228.5,23228.55
1789545990,2026-09-16T13:36:30,23228.7,23230.1,23227.7,23229.35
1789546005,2026-09-16T13:36:45,23229.1,23229.6,23227.2,23228.3
1789546020,2026-09-16T13:37:00,23228.35,23229.9,23227.9,23228.15
1789546035,2026-09-16T13:37:15,23228,23229.05,23227.4,23227.75
1789546050,2026-09-16T13:37:30,23227.75,23228.25,23225.05,23225.6
1789546065,2026-09-16T13:37:45,23225.75,23227.65,23225.05,23226.05
1789546080,2026-09-16T13:38:00,23226.2,23229,23225.45,23228
1789546095,2026-09-16T13:38:15,23228.25,23229.2,23219,23221.5
1789546110,2026-09-16T13:38:30,23221.6,23228.6,23221.6,23227.8
1789546125,2026-09-16T13:38:45,23227.8,23229,23226.75,23227.2
1789546140,2026-09-16T13:39:00,23227.2,23230,23226.5,23226.95
1789546155,2026-09-16T13:39:15,23226.85,23228.4,23224.2,23224.8
1789546170,2026-09-16T13:39:30,23224.95,23225.55,23221.45,23222.15
1789546185,2026-09-16T13:39:45,23221.95,23223.2,23220.6,23222.25
1789546200,2026-09-16T13:40:00,23222.2,23224.15,23221.15,23222.2
1789546215,2026-09-16T13:40:15,23222.05,23222.65,23214.7,23216.15
1789546230,2026-09-16T13:40:30,23216.05,23219.35,23215.05,23216.3
1789546245,2026-09-16T13:40:45,23216.2,23218.05,23215.5,23216.4
1789546260,2026-09-16T13:41:00,23216.4,23220.9,23216.1,23219.85
1789546275,2026-09-16T13:41:15,23219.6,23221.4,23218.2,23220.55
1789546290,2026-09-16T13:41:30,23220.4,23221.35,23219.15,23220.75
1789546305,2026-09-16T13:41:45,23220.8,23224.3,23218.8,23224.1
1789546320,2026-09-16T13:42:00,23223.95,23224.55,23222.55,23222.8
1789546335,2026-09-16T13:42:15,23222.75,23223.95,23220.55,23221.85
1789546350,2026-09-16T13:42:30,23221.7,23222.25,23219.25,23220.45
1789546365,2026-09-16T13:42:45,23220.15,23221.55,23219.1,23220.35
1789546380,2026-09-16T13:43:00,23220.45,23220.65,23218.65,23219.45
1789546395,2026-09-16T13:43:15,23219.65,23221.55,23219.25,23219.8
1789546410,2026-09-16T13:43:30,23219.9,23220.15,23217.5,23218.7
1789546425,2026-09-16T13:43:45,23218.7,23218.7,23214.75,23216
1789546440,2026-09-16T13:44:00,23216.1,23217.9,23215.75,23216.8
1789546455,2026-09-16T13:44:15,23216.95,23217.65,23214,23215.1
1789546470,2026-09-16T13:44:30,23214.55,23216.1,23210.55,23210.55
1789546485,2026-09-16T13:44:45,23210.65,23212.75,23209.8,23212.1
1789546500,2026-09-16T13:45:00,23212.2,23215.55,23212.2,23214.95
1789546515,2026-09-16T13:45:15,23214.85,23224.3,23214.25,23224.3
1789546530,2026-09-16T13:45:30,23224.25,23225.1,23222.95,23223.95
1789546545,2026-09-16T13:45:45,23223.85,23224.9,23221.5,23221.6
1789546560,2026-09-16T13:46:00,23221.35,23223.2,23218.75,23219.35
1789546575,2026-09-16T13:46:15,23218.95,23220.05,23216,23217.4
1789546590,2026-09-16T13:46:30,23217.6,23219.05,23216.7,23217.45
1789546605,2026-09-16T13:46:45,23217.55,23219.45,23217.55,23218.05
1789546620,2026-09-16T13:47:00,23218.15,23220.55,23217.9,23219.4
1789546635,2026-09-16T13:47:15,23219.75,23220.65,23218.95,23219.7
1789546650,2026-09-16T13:47:30,23219.65,23222.3,23218.25,23222.15
1789546665,2026-09-16T13:47:45,23222.35,23224.8,23221.95,23224.25
1789546680,2026-09-16T13:48:00,23224.1,23225.55,23221.25,23224.25
1789546695,2026-09-16T13:48:15,23224.25,23227.85,23223.65,23226.9
1789546710,2026-09-16T13:48:30,23225.85,23229.15,23225,23226.55
1789546725,2026-09-16T13:48:45,23226.05,23226.9,23222.3,23222.3
1789546740,2026-09-16T13:49:00,23222.15,23223.75,23219.45,23219.7
1789546755,2026-09-16T13:49:15,23219.65,23221.8,23216.7,23221.8
1789546770,2026-09-16T13:49:30,23221.85,23222.05,23216.45,23217.25
1789546785,2026-09-16T13:49:45,23216.95,23218.9,23216.05,23217.45
1789546800,2026-09-16T13:50:00,23217.45,23220.25,23215.8,23216.55
1789546815,2026-09-16T13:50:15,23216.7,23218.45,23215.75,23216.45
1789546830,2026-09-16T13:50:30,23216.45,23220.6,23216.35,23218.95
1789546845,2026-09-16T13:50:45,23218.95,23219.8,23216.95,23218.05
1789546860,2026-09-16T13:51:00,23218.05,23220.3,23217.85,23218.4
1789546875,2026-09-16T13:51:15,23218.3,23220.15,23212.95,23215.65
1789546890,2026-09-16T13:51:30,23214.7,23218.9,23214.15,23218.55
1789546905,2026-09-16T13:51:45,23218.65,23219.85,23217.8,23218.8
1789546920,2026-09-16T13:52:00,23218.85,23222.35,23218.65,23221.85
1789546935,2026-09-16T13:52:15,23221.7,23221.75,23218.55,23218.75
1789546950,2026-09-16T13:52:30,23218.75,23220.8,23215.85,23215.9
1789546965,2026-09-16T13:52:45,23215.8,23219.15,23214,23217.95
1789546980,2026-09-16T13:53:00,23218,23219.85,23216.45,23218.25
1789546995,2026-09-16T13:53:15,23218.25,23220.65,23217.35,23220.65
1789547010,2026-09-16T13:53:30,23220.65,23223.15,23219.5,23223.15
1789547025,2026-09-16T13:53:45,23223.3,23224.3,23221,23221.95
1789547040,2026-09-16T13:54:00,23222.05,23224.65,23221.05,23223.45
1789547055,2026-09-16T13:54:15,23223.3,23225.1,23223,23224
1789547070,2026-09-16T13:54:30,23223.95,23226.75,23223.75,23225.6
1789547085,2026-09-16T13:54:45,23225.55,23226.6,23223.7,23224.65
1789547100,2026-09-16T13:55:00,23224.7,23225.15,23223.25,23224.3
1789547115,2026-09-16T13:55:15,23224.3,23224.8,23219.75,23220.55
1789547130,2026-09-16T13:55:30,23220.65,23221.95,23219.4,23221.9
1789547145,2026-09-16T13:55:45,23221.85,23223.5,23220.95,23222.55
1789547160,2026-09-16T13:56:00,23222.55,23224.1,23221.25,23222.45
1789547175,2026-09-16T13:56:15,23222.45,23224.65,23222.05,23224.4
1789547190,2026-09-16T13:56:30,23224.4,23225.9,23223.85,23224.95
1789547205,2026-09-16T13:56:45,23224.95,23225.15,23222.6,23223.7
1789547220,2026-09-16T13:57:00,23223.75,23224.9,23221.85,23222.45
1789547235,2026-09-16T13:57:15,23222.5,23225.3,23222.25,23223.95
1789547250,2026-09-16T13:57:30,23223.95,23224.65,23221.7,23223.2
1789547265,2026-09-16T13:57:45,23223.15,23223.8,23221.45,23222
1789547280,2026-09-16T13:58:00,23221.75,23223.45,23220.9,23222.2
1789547295,2026-09-16T13:58:15,23222.05,23222.55,23219.2,23219.55
1789547310,2026-09-16T13:58:30,23219.45,23221.75,23219.35,23221.5
1789547325,2026-09-16T13:58:45,23221.25,23221.55,23217.15,23217.75
1789547340,2026-09-16T13:59:00,23218.6,23218.95,23217.2,23218.8
1789547355,2026-09-16T13:59:15,23218.7,23219.35,23217.8,23219
1789547370,2026-09-16T13:59:30,23219,23221.65,23218.2,23220.4
1789547385,2026-09-16T13:59:45,23220.6,23222.25,23218.95,23221.5
1789547400,2026-09-16T14:00:00,23221.05,23225.9,23220.45,23225.75
1789547415,2026-09-16T14:00:15,23225.8,23227.7,23225.05,23226.7
1789547430,2026-09-16T14:00:30,23226.7,23226.9,23224.5,23226.05
1789547445,2026-09-16T14:00:45,23226,23226.6,23223.95,23226.15
1789547460,2026-09-16T14:01:00,23226.25,23228.6,23225.7,23228.2
1789547475,2026-09-16T14:01:15,23228.15,23228.7,23226.9,23228.65
1789547490,2026-09-16T14:01:30,23228.55,23231.25,23227.25,23230.95
1789547505,2026-09-16T14:01:45,23231.15,23233.35,23229.3,23231.05
1789547520,2026-09-16T14:02:00,23230.8,23234.65,23230.8,23233.4
1789547535,2026-09-16T14:02:15,23233.35,23233.9,23229.85,23231.35
1789547550,2026-09-16T14:02:30,23231.25,23231.75,23229,23230.75
1789547565,2026-09-16T14:02:45,23230.9,23231.55,23229.3,23230.45
1789547580,2026-09-16T14:03:00,23230.35,23232.9,23230.05,23232.3
1789547595,2026-09-16T14:03:15,23232.15,23235.15,23232.05,23234.65
1789547610,2026-09-16T14:03:30,23234.55,23235.75,23233.85,23235.25
1789547625,2026-09-16T14:03:45,23234.9,23234.95,23230.85,23232.5
1789547640,2026-09-16T14:04:00,23232.55,23234.05,23231.95,23232.65
1789547655,2026-09-16T14:04:15,23232.2,23233.4,23231.75,23232.85
1789547670,2026-09-16T14:04:30,23233.1,23234.35,23232.7,23234.3
1789547685,2026-09-16T14:04:45,23234.2,23234.6,23232.65,23233.6
1789547700,2026-09-16T14:05:00,23233.4,23235.65,23232.95,23235.15
1789547715,2026-09-16T14:05:15,23235.1,23236.75,23234.3,23236.05
1789547730,2026-09-16T14:05:30,23236.2,23236.5,23233.55,23234.15
1789547745,2026-09-16T14:05:45,23234,23234.75,23232.85,23234.65
1789547760,2026-09-16T14:06:00,23234.55,23235.45,23231.5,23231.55
1789547775,2026-09-16T14:06:15,23231.45,23232.95,23230.4,23231.7
1789547790,2026-09-16T14:06:30,23231.7,23233.05,23230.75,23232.55
1789547805,2026-09-16T14:06:45,23232.05,23233.65,23229.95,23231.95
1789547820,2026-09-16T14:07:00,23231.45,23231.85,23229.65,23230.1
1789547835,2026-09-16T14:07:15,23229.95,23230.15,23227.85,23227.95
1789547850,2026-09-16T14:07:30,23228.2,23228.6,23226.35,23226.7
1789547865,2026-09-16T14:07:45,23226.6,23227.5,23225.8,23226.85
1789547880,2026-09-16T14:08:00,23226.9,23227.9,23225.7,23226.75
1789547895,2026-09-16T14:08:15,23226.9,23227.6,23225.85,23226.5
1789547910,2026-09-16T14:08:30,23226.4,23226.4,23221.25,23221.45
1789547925,2026-09-16T14:08:45,23221.45,23221.65,23219.35,23220.4
1789547940,2026-09-16T14:09:00,23220.3,23223.1,23219.75,23222.1
1789547955,2026-09-16T14:09:15,23222.35,23222.95,23221.2,23221.75
1789547970,2026-09-16T14:09:30,23221.7,23223.2,23221,23222
1789547985,2026-09-16T14:09:45,23221.9,23222.95,23221.25,23222.7
1789548000,2026-09-16T14:10:00,23222.65,23223.75,23221.85,23223.4
1789548015,2026-09-16T14:10:15,23223.15,23223.15,23221.25,23221.9
1789548030,2026-09-16T14:10:30,23221.9,23222.6,23220.65,23221
1789548045,2026-09-16T14:10:45,23221,23223.9,23219.75,23223.15
1789548060,2026-09-16T14:11:00,23223.15,23226.5,23223.1,23226
1789548075,2026-09-16T14:11:15,23225.6,23227.65,23225.15,23227.6
1789548090,2026-09-16T14:11:30,23227.25,23228.7,23225.85,23227.9
1789548105,2026-09-16T14:11:45,23227.7,23228.6,23226.3,23227.75
1789548120,2026-09-16T14:12:00,23227.8,23229.55,23227,23227.1
1789548135,2026-09-16T14:12:15,23227.4,23228.2,23226.6,23228
1789548150,2026-09-16T14:12:30,23227.95,23230.85,23227.65,23229.7
1789548165,2026-09-16T14:12:45,23229.35,23231,23228.85,23231
1789548180,2026-09-16T14:13:00,23230.95,23235.35,23230.95,23234.85
1789548195,2026-09-16T14:13:15,23234.9,23236.2,23234.25,23235.15
1789548210,2026-09-16T14:13:30,23235,23235.65,23233.7,23234.55
1789548225,2026-09-16T14:13:45,23234.5,23236.75,23233.1,23235.3
1789548240,2026-09-16T14:14:00,23235.15,23236.5,23234.35,23235
1789548255,2026-09-16T14:14:15,23234.95,23236.45,23234.4,23236.2
1789548270,2026-09-16T14:14:30,23236.1,23237.7,23235.05,23236.9
1789548285,2026-09-16T14:14:45,23236.85,23239.25,23236.6,23238.55
1789548300,2026-09-16T14:15:00,23238.3,23243.25,23238.3,23241.4
1789548315,2026-09-16T14:15:15,23241.6,23242.1,23238.5,23238.55
1789548330,2026-09-16T14:15:30,23238.65,23239,23237.45,23238.5
1789548345,2026-09-16T14:15:45,23238.45,23240.15,23237.45,23239
1789548360,2026-09-16T14:16:00,23238.4,23242.55,23237.9,23240.05
1789548375,2026-09-16T14:16:15,23239.85,23240.9,23237.6,23237.6
1789548390,2026-09-16T14:16:30,23237.45,23239.5,23236.5,23237.35
1789548405,2026-09-16T14:16:45,23237.35,23240,23237.1,23239.2
1789548420,2026-09-16T14:17:00,23239.15,23242.5,23239.1,23241.05
1789548435,2026-09-16T14:17:15,23241.05,23244.55,23240.5,23243.65
1789548450,2026-09-16T14:17:30,23243.55,23244.65,23242.85,23244.2
1789548465,2026-09-16T14:17:45,23244.15,23244.7,23241.85,23242.55
1789548480,2026-09-16T14:18:00,23242.55,23245.35,23242.05,23243.5
1789548495,2026-09-16T14:18:15,23243.2,23246.45,23242.75,23245.45
1789548510,2026-09-16T14:18:30,23245.35,23246.2,23243.25,23244.5
1789548525,2026-09-16T14:18:45,23244.5,23245.35,23243.5,23243.8
1789548540,2026-09-16T14:19:00,23243.65,23246,23242.6,23243.6
1789548555,2026-09-16T14:19:15,23243.55,23243.55,23238.25,23238.4
1789548570,2026-09-16T14:19:30,23238.15,23238.55,23235.3,23235.6
1789548585,2026-09-16T14:19:45,23235.4,23235.65,23230.95,23231.3
1789548600,2026-09-16T14:20:00,23231.2,23234.75,23229.9,23233.3
1789548615,2026-09-16T14:20:15,23233.35,23235.5,23231.1,23232.3
1789548630,2026-09-16T14:20:30,23231.95,23234.95,23231.55,23233.75
1789548645,2026-09-16T14:20:45,23233.5,23235.2,23230.95,23231.4
1789548660,2026-09-16T14:21:00,23231.45,23234.2,23230.9,23233.2
1789548675,2026-09-16T14:21:15,23233.25,23235.7,23232.5,23234.85
1789548690,2026-09-16T14:21:30,23234.2,23235.5,23232.35,23232.8
1789548705,2026-09-16T14:21:45,23232.9,23236,23232.85,23234.35
1789548720,2026-09-16T14:22:00,23233.9,23239.1,23233.2,23238.25
1789548735,2026-09-16T14:22:15,23238.1,23240.05,23236.9,23239.75
1789548750,2026-09-16T14:22:30,23239.65,23241.4,23238.4,23238.9
1789548765,2026-09-16T14:22:45,23238.9,23240.9,23238.1,23238.9
1789548780,2026-09-16T14:23:00,23238.55,23242.65,23238.55,23240.45
1789548795,2026-09-16T14:23:15,23240.45,23240.85,23238.05,23239.9
1789548810,2026-09-16T14:23:30,23240,23241.4,23238.7,23240.05
1789548825,2026-09-16T14:23:45,23239.85,23240.75,23236.45,23237.75
1789548840,2026-09-16T14:24:00,23237.7,23238.85,23234.85,23235.95
1789548855,2026-09-16T14:24:15,23235.75,23239.05,23234.75,23236.45
1789548870,2026-09-16T14:24:30,23236.3,23237.35,23234.55,23236.3
1789548885,2026-09-16T14:24:45,23235.6,23236.1,23233.3,23233.75
1789548900,2026-09-16T14:25:00,23233.55,23236,23233.1,23234.55
1789548915,2026-09-16T14:25:15,23234.4,23236.45,23234.05,23236
1789548930,2026-09-16T14:25:30,23235.9,23237.6,23234.8,23235.35
1789548945,2026-09-16T14:25:45,23235.05,23236.7,23233.95,23236.25
1789548960,2026-09-16T14:26:00,23235.7,23237.75,23234.75,23236.25
1789548975,2026-09-16T14:26:15,23235.8,23237.2,23235.2,23235.75
1789548990,2026-09-16T14:26:30,23235.7,23236.75,23234.1,23235.85
1789549005,2026-09-16T14:26:45,23235.7,23236.95,23233.25,23233.75
1789549020,2026-09-16T14:27:00,23233.4,23234.35,23231.75,23232.1
1789549035,2026-09-16T14:27:15,23232,23232.5,23230.25,23231.25
1789549050,2026-09-16T14:27:30,23231,23233.3,23230.9,23231.85
1789549065,2026-09-16T14:27:45,23231.8,23233.25,23230.5,23231.1
1789549080,2026-09-16T14:28:00,23230.95,23231.85,23227.9,23228.4
1789549095,2026-09-16T14:28:15,23227.6,23228.05,23224.4,23225.85
1789549110,2026-09-16T14:28:30,23225.95,23228.7,23225.15,23228.2
1789549125,2026-09-16T14:28:45,23228.15,23229.8,23227.5,23228.75
1789549140,2026-09-16T14:29:00,23228,23230.8,23227.45,23229.45
1789549155,2026-09-16T14:29:15,23229.55,23234.8,23229.3,23234.65
1789549170,2026-09-16T14:29:30,23235.1,23236.1,23234,23234.75
1789549185,2026-09-16T14:29:45,23234.15,23235.2,23231.35,23232.4
1789549200,2026-09-16T14:30:00,23231.75,23235.8,23231.75,23234.85
1789549215,2026-09-16T14:30:15,23234.2,23236.35,23233.7,23234.15
1789549230,2026-09-16T14:30:30,23234,23235.15,23230.1,23232.1
1789549245,2026-09-16T14:30:45,23232,23232.1,23229.75,23230.1
1789549260,2026-09-16T14:31:00,23229.75,23231.45,23228.6,23229.35
1789549275,2026-09-16T14:31:15,23229.05,23230.45,23227.4,23230.05
1789549290,2026-09-16T14:31:30,23229.9,23232.1,23228.5,23230.65
1789549305,2026-09-16T14:31:45,23230.4,23230.7,23228.55,23230.7
1789549320,2026-09-16T14:32:00,23230.75,23232.05,23229.65,23230.9
1789549335,2026-09-16T14:32:15,23230.9,23231.75,23229.15,23229.75
1789549350,2026-09-16T14:32:30,23229.85,23230.9,23227.45,23229.15
1789549365,2026-09-16T14:32:45,23229,23230.6,23227.95,23230.4
1789549380,2026-09-16T14:33:00,23230.65,23232.85,23229.85,23231.15
1789549395,2026-09-16T14:33:15,23231.35,23232,23229.8,23230.55
1789549410,2026-09-16T14:33:30,23230.05,23230.8,23226.95,23227.8
1789549425,2026-09-16T14:33:45,23227.4,23230.6,23226.9,23229.45
1789549440,2026-09-16T14:34:00,23229,23230.8,23227.6,23229.65
1789549455,2026-09-16T14:34:15,23229.05,23229.5,23227.2,23227.9
1789549470,2026-09-16T14:34:30,23227.95,23229.4,23226.7,23228.15
1789549485,2026-09-16T14:34:45,23227.9,23229.75,23225.5,23229.6
1789549500,2026-09-16T14:35:00,23229.65,23232.65,23228.95,23230.7
1789549515,2026-09-16T14:35:15,23230.3,23233.9,23229.6,23233.4
1789549530,2026-09-16T14:35:30,23234.05,23237.2,23233.05,23236.3
1789549545,2026-09-16T14:35:45,23236.1,23236.15,23233.05,23234.45
1789549560,2026-09-16T14:36:00,23234.2,23236.55,23233.85,23235.35
1789549575,2026-09-16T14:36:15,23235.15,23236.35,23234,23235.3
1789549590,2026-09-16T14:36:30,23235.3,23236.25,23232.4,23234.7
1789549605,2026-09-16T14:36:45,23234,23234.1,23230.25,23230.5
1789549620,2026-09-16T14:37:00,23230.45,23231.7,23226.1,23227.2
1789549635,2026-09-16T14:37:15,23226.55,23228.45,23225.9,23226.2
1789549650,2026-09-16T14:37:30,23225.45,23227.5,23225.2,23226.15
1789549665,2026-09-16T14:37:45,23225.85,23228,23225.25,23228
1789549680,2026-09-16T14:38:00,23228.05,23229.45,23227,23227.45
1789549695,2026-09-16T14:38:15,23227.5,23229.45,23225.85,23225.95
1789549710,2026-09-16T14:38:30,23226.1,23226.25,23222.45,23222.45
1789549725,2026-09-16T14:38:45,23222.7,23224.65,23221.85,23223.2
1789549740,2026-09-16T14:39:00,23223.3,23226.9,23222.35,23224.4
1789549755,2026-09-16T14:39:15,23224.4,23226.8,23223.25,23226.3
1789549770,2026-09-16T14:39:30,23226.3,23230.3,23224.95,23229.45
1789549785,2026-09-16T14:39:45,23229.2,23230.1,23227.65,23228.45
1789549800,2026-09-16T14:40:00,23228.2,23231.35,23228.2,23229.6
1789549815,2026-09-16T14:40:15,23229.5,23231.85,23228.1,23230.1
1789549830,2026-09-16T14:40:30,23229.45,23232.45,23229.45,23231.55
1789549845,2026-09-16T14:40:45,23231.1,23232.45,23230.35,23232.15
1789549860,2026-09-16T14:41:00,23232.35,23234.65,23231.2,23233.65
1789549875,2026-09-16T14:41:15,23233.5,23233.5,23229.9,23231.85
1789549890,2026-09-16T14:41:30,23231.7,23236.45,23230.35,23235.4
1789549905,2026-09-16T14:41:45,23236.45,23236.8,23234.1,23234.5
1789549920,2026-09-16T14:42:00,23234.6,23235.6,23230.1,23230.75
1789549935,2026-09-16T14:42:15,23230.15,23231.4,23227.05,23227.4
1789549950,2026-09-16T14:42:30,23228,23229.15,23226.35,23227.3
1789549965,2026-09-16T14:42:45,23227.45,23229.35,23226.1,23229.1
1789549980,2026-09-16T14:43:00,23228.75,23229.35,23226.95,23227
1789549995,2026-09-16T14:43:15,23226.8,23229.6,23226.05,23228.3
1789550010,2026-09-16T14:43:30,23228.3,23231,23227.15,23230.8
1789550025,2026-09-16T14:43:45,23230.65,23231.7,23229,23231.7
1789550040,2026-09-16T14:44:00,23231.65,23237.4,23231.35,23236.7
1789550055,2026-09-16T14:44:15,23236.25,23237.65,23235.1,23235.55
1789550070,2026-09-16T14:44:30,23235.3,23237.15,23233.15,23234.35
1789550085,2026-09-16T14:44:45,23234.1,23234.5,23231.9,23234.35
1789550100,2026-09-16T14:45:00,23234.25,23235.4,23233.35,23235.1
1789550115,2026-09-16T14:45:15,23234.45,23235.85,23233.45,23234.95
1789550130,2026-09-16T14:45:30,23234.85,23236.2,23234.2,23236
1789550145,2026-09-16T14:45:45,23235.9,23237.1,23234.85,23235.2
1789550160,2026-09-16T14:46:00,23234.65,23239.25,23234.5,23238.65
1789550175,2026-09-16T14:46:15,23238.45,23239.75,23236.9,23238.2
1789550190,2026-09-16T14:46:30,23238.55,23238.65,23236.35,23237.75
1789550205,2026-09-16T14:46:45,23237.4,23238.05,23235.1,23236.15
1789550220,2026-09-16T14:47:00,23236.2,23237.4,23234.85,23236.75
1789550235,2026-09-16T14:47:15,23236.85,23237.25,23235.6,23236.45
1789550250,2026-09-16T14:47:30,23236.4,23237.4,23235.45,23237
1789550265,2026-09-16T14:47:45,23236.85,23238.1,23235.7,23238.1
1789550280,2026-09-16T14:48:00,23237.6,23239.35,23237.05,23237.9
1789550295,2026-09-16T14:48:15,23237.65,23238.95,23235.75,23235.75
1789550310,2026-09-16T14:48:30,23235.85,23236.4,23233.4,23235.65
1789550325,2026-09-16T14:48:45,23235.55,23235.55,23230.7,23232.6
1789550340,2026-09-16T14:49:00,23232.55,23233.7,23231.5,23231.8
1789550355,2026-09-16T14:49:15,23231.75,23233.75,23231.15,23233.3
1789550370,2026-09-16T14:49:30,23233.4,23236.8,23232.45,23235.5
1789550385,2026-09-16T14:49:45,23235.25,23238.55,23234.7,23236.65
1789550400,2026-09-16T14:50:00,23237.15,23239.1,23234.6,23234.85
1789550415,2026-09-16T14:50:15,23235.2,23238.3,23232.9,23238
1789550430,2026-09-16T14:50:30,23237.9,23240.45,23236.6,23239.1
1789550445,2026-09-16T14:50:45,23239.4,23241.05,23238.1,23239.75
1789550460,2026-09-16T14:51:00,23240.1,23243.35,23240.05,23241.95
1789550475,2026-09-16T14:51:15,23241.8,23244.55,23240.55,23242.85
1789550490,2026-09-16T14:51:30,23242.65,23243.85,23237.85,23238.9
1789550505,2026-09-16T14:51:45,23237.75,23239.9,23234.85,23235.45
1789550520,2026-09-16T14:52:00,23235.3,23237.7,23235,23236.05
1789550535,2026-09-16T14:52:15,23236.15,23237.15,23234.6,23235.25
1789550550,2026-09-16T14:52:30,23235.25,23239.85,23234.75,23237.9
1789550565,2026-09-16T14:52:45,23237.6,23240.25,23236.7,23238.35
1789550580,2026-09-16T14:53:00,23238.55,23240.65,23237.55,23239.3
1789550595,2026-09-16T14:53:15,23239.15,23242.5,23238.85,23239.9
1789550610,2026-09-16T14:53:30,23239.75,23241.6,23238.6,23240.3
1789550625,2026-09-16T14:53:45,23239.9,23240.7,23238.05,23240.2
1789550640,2026-09-16T14:54:00,23240.1,23241.8,23237.35,23240.5
1789550655,2026-09-16T14:54:15,23240.55,23242.1,23238.95,23239.5
1789550670,2026-09-16T14:54:30,23239.65,23240.85,23235.3,23236.05
1789550685,2026-09-16T14:54:45,23236.05,23239.5,23236.05,23239.45
1789550700,2026-09-16T14:55:00,23239.5,23241.2,23237.95,23239.55
1789550715,2026-09-16T14:55:15,23239.25,23242.7,23238.3,23242.15
1789550730,2026-09-16T14:55:30,23242,23245.15,23240.8,23243.45
1789550745,2026-09-16T14:55:45,23243.25,23244.05,23241.2,23243.75
1789550760,2026-09-16T14:56:00,23243.9,23249.85,23243.15,23249.8
1789550775,2026-09-16T14:56:15,23249.75,23251.4,23249.7,23250.7
1789550790,2026-09-16T14:56:30,23250.5,23251.75,23249.65,23250.2
1789550805,2026-09-16T14:56:45,23250.35,23251.1,23248.35,23249.45
1789550820,2026-09-16T14:57:00,23249.35,23261.4,23249.05,23259.95
1789550835,2026-09-16T14:57:15,23259.95,23261.4,23253.5,23255.55
1789550850,2026-09-16T14:57:30,23255.45,23257.3,23253.3,23255.2
1789550865,2026-09-16T14:57:45,23255.2,23256.2,23253.45,23254.05
1789550880,2026-09-16T14:58:00,23252.5,23254.35,23250.35,23250.7
1789550895,2026-09-16T14:58:15,23250.55,23254.1,23250.1,23251.8
1789550910,2026-09-16T14:58:30,23252.25,23253.55,23247.8,23247.95
1789550925,2026-09-16T14:58:45,23247.8,23248.2,23242.45,23243.45
1789550940,2026-09-16T14:59:00,23243.55,23247,23243.55,23244.7
1789550955,2026-09-16T14:59:15,23245.3,23245.3,23239.85,23241.5
1789550970,2026-09-16T14:59:30,23241.7,23242.5,23235.6,23235.6
1789550985,2026-09-16T14:59:45,23235.5,23236.95,23234.5,23235.8
1789551000,2026-09-16T15:00:00,23236.35,23236.35,23227.25,23229.05
1789551015,2026-09-16T15:00:15,23228.85,23229.25,23222.3,23223.35
1789551030,2026-09-16T15:00:30,23221.75,23225,23221.75,23224.55
1789551045,2026-09-16T15:00:45,23224.55,23225.85,23223.15,23225.8
1789551060,2026-09-16T15:01:00,23226.15,23230.85,23224.35,23229.35
1789551075,2026-09-16T15:01:15,23230.95,23231.55,23229.5,23231.2
1789551090,2026-09-16T15:01:30,23229.35,23231.15,23226.15,23227.75
1789551105,2026-09-16T15:01:45,23228.45,23230.45,23226.75,23230.1
1789551120,2026-09-16T15:02:00,23229.85,23232.6,23228.2,23232.1
1789551135,2026-09-16T15:02:15,23232.65,23233,23230.5,23231.5
1789551150,2026-09-16T15:02:30,23231.25,23232.75,23230.15,23231.1
1789551165,2026-09-16T15:02:45,23231.7,23231.9,23229.6,23231.4
1789551180,2026-09-16T15:03:00,23231,23231.5,23228.25,23230.1
1789551195,2026-09-16T15:03:15,23231,23232.7,23229.5,23231.75
1789551210,2026-09-16T15:03:30,23230.5,23232.5,23229.15,23231.8
1789551225,2026-09-16T15:03:45,23231.55,23231.55,23228.4,23230.1
1789551240,2026-09-16T15:04:00,23229.9,23232.5,23229.25,23232.35
1789551255,2026-09-16T15:04:15,23232.8,23233.5,23231.1,23232.1
1789551270,2026-09-16T15:04:30,23230.4,23232.15,23229.1,23229.65
1789551285,2026-09-16T15:04:45,23231.05,23231.65,23228.75,23231.5
1789551300,2026-09-16T15:05:00,23231.15,23232.7,23229.9,23230.75
1789551315,2026-09-16T15:05:15,23230.85,23231.65,23229.65,23231.2
1789551330,2026-09-16T15:05:30,23229.85,23232.25,23229.35,23230.35
1789551345,2026-09-16T15:05:45,23230.35,23230.5,23228.35,23228.8
1789551360,2026-09-16T15:06:00,23228.5,23229.5,23224.85,23224.85
1789551375,2026-09-16T15:06:15,23226.65,23226.65,23223.85,23224.55
1789551390,2026-09-16T15:06:30,23223.2,23224.7,23221.25,23223
1789551405,2026-09-16T15:06:45,23223.6,23225.8,23221.95,23224.85
1789551420,2026-09-16T15:07:00,23224.45,23229.6,23223.55,23229.2
1789551435,2026-09-16T15:07:15,23229.85,23231.9,23227.9,23231.2
1789551450,2026-09-16T15:07:30,23230.85,23231.95,23228.85,23231.25
1789551465,2026-09-16T15:07:45,23231.8,23232.1,23229.7,23230.45
1789551480,2026-09-16T15:08:00,23230.3,23230.8,23228.25,23230.35
1789551495,2026-09-16T15:08:15,23230.25,23231.6,23228.55,23230.45
1789551510,2026-09-16T15:08:30,23228.65,23230.35,23227.5,23229
1789551525,2026-09-16T15:08:45,23229.7,23229.7,23226.6,23228.75
1789551540,2026-09-16T15:09:00,23226.95,23229.35,23224.1,23227.7
1789551555,2026-09-16T15:09:15,23228.25,23228.25,23225.85,23227.25
1789551570,2026-09-16T15:09:30,23225.7,23228.45,23225.05,23227.35
1789551585,2026-09-16T15:09:45,23227.05,23230.05,23226.05,23229.9
1789551600,2026-09-16T15:10:00,23229.25,23233.8,23228.3,23232.6
1789551615,2026-09-16T15:10:15,23232.05,23236,23231.8,23235.65
1789551630,2026-09-16T15:10:30,23235.1,23237,23233.45,23234.3
1789551645,2026-09-16T15:10:45,23235,23235.75,23231.6,23234.75
1789551660,2026-09-16T15:11:00,23234.7,23235.75,23232.2,23232.2
1789551675,2026-09-16T15:11:15,23233.25,23233.55,23230.25,23232.15
1789551690,2026-09-16T15:11:30,23231.3,23231.65,23228.9,23231.55
1789551705,2026-09-16T15:11:45,23230.9,23231.75,23229.75,23231
1789551720,2026-09-16T15:12:00,23230.35,23230.35,23224.35,23227.75
1789551735,2026-09-16T15:12:15,23227.5,23232.9,23225.35,23229.8
1789551750,2026-09-16T15:12:30,23228.2,23230.4,23215.85,23221.3
1789551765,2026-09-16T15:12:45,23220.9,23224.85,23220.45,23222
1789551780,2026-09-16T15:13:00,23221.25,23223,23218.4,23222.1
1789551795,2026-09-16T15:13:15,23221.25,23224.95,23220.75,23224.6
1789551810,2026-09-16T15:13:30,23222.3,23225.65,23221.5,23225.35
1789551825,2026-09-16T15:13:45,23225.15,23226.8,23221.15,23225.5
1789551840,2026-09-16T15:14:00,23225.55,23228.6,23219.8,23221.7
1789551855,2026-09-16T15:14:15,23221.1,23227.1,23220.4,23223.85
1789551870,2026-09-16T15:14:30,23222.75,23231.45,23220.3,23227.85
1789551885,2026-09-16T15:14:45,23225.15,23231.55,23220.6,23224.3
1789551900,2026-09-16T15:15:00,23224.15,23224.15,23224.15,23224.15
1789551915,2026-09-16T15:15:15,23224.15,23224.15,23224.15,23224.15
1789551930,2026-09-16T15:15:30,23224.15,23224.15,23224.15,23224.15
1789551945,2026-09-16T15:15:45,23224.15,23224.15,23224.15,23224.15
1789551960,2026-09-16T15:16:00,23224.15,23224.15,23224.15,23224.15
1789551975,2026-09-16T15:16:15,23224.15,23224.15,23224.15,23224.15
1789551990,2026-09-16T15:16:30,23224.15,23224.15,23224.15,23224.15
1789552005,2026-09-16T15:16:45,23224.15,23224.15,23224.15,23224.15
1789552020,2026-09-16T15:17:00,23224.15,23224.15,23224.15,23224.15
1789552035,2026-09-16T15:17:15,23224.15,23224.15,23224.15,23224.15
1789552050,2026-09-16T15:17:30,23224.15,23224.15,23224.15,23224.15
1789552065,2026-09-16T15:17:45,23224.15,23224.15,23224.15,23224.15
1789552080,2026-09-16T15:18:00,23224.15,23224.15,23224.15,23224.15
1789552095,2026-09-16T15:18:15,23224.15,23224.15,23224.15,23224.15
1789552110,2026-09-16T15:18:30,23224.15,23224.15,23224.15,23224.15
1789552125,2026-09-16T15:18:45,23224.15,23224.15,23224.15,23224.15
1789552140,2026-09-16T15:19:00,23224.15,23224.15,23224.15,23224.15
1789552155,2026-09-16T15:19:15,23224.15,23224.15,23224.15,23224.15
1789552170,2026-09-16T15:19:30,23224.15,23224.15,23224.15,23224.15
1789552185,2026-09-16T15:19:45,23224.15,23224.15,23224.15,23224.15
1789552200,2026-09-16T15:20:00,23224.15,23224.15,23224.15,23224.15
1789552215,2026-09-16T15:20:15,23224.15,23224.15,23224.15,23224.15
1789552230,2026-09-16T15:20:30,23224.15,23224.15,23224.15,23224.15
1789552245,2026-09-16T15:20:45,23224.15,23224.15,23224.15,23224.15
1789552260,2026-09-16T15:21:00,23224.15,23224.15,23224.15,23224.15
1789552275,2026-09-16T15:21:15,23224.15,23224.15,23224.15,23224.15
1789552290,2026-09-16T15:21:30,23224.15,23224.15,23224.15,23224.15
1789552305,2026-09-16T15:21:45,23224.15,23224.15,23224.15,23224.15
1789552320,2026-09-16T15:22:00,23224.15,23224.15,23224.15,23224.15
1789552335,2026-09-16T15:22:15,23224.15,23224.15,23224.15,23224.15
1789552350,2026-09-16T15:22:30,23224.15,23224.15,23224.15,23224.15
1789552365,2026-09-16T15:22:45,23224.15,23224.15,23224.15,23224.15
1789552380,2026-09-16T15:23:00,23224.15,23224.15,23224.15,23224.15
1789552395,2026-09-16T15:23:15,23224.15,23224.15,23224.15,23224.15
1789552410,2026-09-16T15:23:30,23224.15,23224.15,23224.15,23224.15
1789552425,2026-09-16T15:23:45,23224.15,23224.15,23224.15,23224.15
1789552440,2026-09-16T15:24:00,23224.15,23224.15,23224.15,23224.15
1789552455,2026-09-16T15:24:15,23224.15,23224.15,23224.15,23224.15
1789552470,2026-09-16T15:24:30,23224.15,23224.15,23224.15,23224.15
1789552485,2026-09-16T15:24:45,23224.15,23224.15,23224.15,23224.15
1789552500,2026-09-16T15:25:00,23224.15,23224.15,23224.15,23224.15
1789552515,2026-09-16T15:25:15,23224.15,23224.15,23224.15,23224.15
1789552530,2026-09-16T15:25:30,23224.15,23224.15,23224.15,23224.15
1789552545,2026-09-16T15:25:45,23224.15,23224.15,23224.15,23224.15
1789552560,2026-09-16T15:26:00,23224.15,23224.15,23224.15,23224.15
1789552575,2026-09-16T15:26:15,23224.15,23224.15,23224.15,23224.15
1789552590,2026-09-16T15:26:30,23224.15,23224.15,23224.15,23224.15
1789552605,2026-09-16T15:26:45,23224.15,23224.15,23224.15,23224.15
1789552620,2026-09-16T15:27:00,23224.15,23224.15,23224.15,23224.15
1789552635,2026-09-16T15:27:15,23224.15,23224.15,23224.15,23224.15
1789552650,2026-09-16T15:27:30,23224.15,23224.15,23224.15,23224.15
1789552665,2026-09-16T15:27:45,23224.15,23224.15,23224.15,23224.15
1789552680,2026-09-16T15:28:00,23224.15,23224.15,23224.15,23224.15
1789552695,2026-09-16T15:28:15,23224.15,23224.15,23224.15,23224.15
1789552710,2026-09-16T15:28:30,23224.15,23224.15,23224.15,23224.15
1789552725,2026-09-16T15:28:45,23224.15,23224.15,23224.15,23224.15
1789552740,2026-09-16T15:29:00,23224.15,23224.15,23224.15,23224.15
1789552755,2026-09-16T15:29:15,23224.15,23224.15,23224.15,23224.15
1789552770,2026-09-16T15:29:30,23224.15,23224.15,23224.15,23224.15
1789552785,2026-09-16T15:29:45,23224.15,23224.15,23217.6,23217.6
